,Media Source,Date,Text,Compound,Positive,Neutral,Negative,Tweet Count
0,BBC,Tue Dec 12 20:30:05 +0000 2017,'I‚Äôm talking about my rape to encourage other male victims to do the same.' https://t.co/KJuXHNo0oC https://t.co/KeO7ujanSr,-0.5719,0.142,0.558,0.3,1
1,BBC,Tue Dec 12 20:00:09 +0000 2017,"Overfishing and changing sea temperatures are pushing seabirds to the brink of extinction, according to new data. ü¶Ö‚Ä¶ https://t.co/Gm4wOSz6TB",0.0,0.0,1.0,0.0,2
2,BBC,Tue Dec 12 19:30:05 +0000 2017,"'The Spice Girls only had one black member and she was called Scary!' üòÇ
#LiveAtTheApollo via @BBCTwo. https://t.co/ttkiAvosb6",0.0,0.0,1.0,0.0,3
3,BBC,Tue Dec 12 19:19:59 +0000 2017,"RT @bbccomedy: When the help's so helpful, but you just can't stand her helping. #FirstWorldProblems #Motherland @MissDianeMorgan https://t‚Ä¶",-0.0062,0.112,0.775,0.113,4
4,BBC,Tue Dec 12 19:19:47 +0000 2017,"RT @bbcstories: ‚ÄúI‚Äôm being led by the hand by my child, not the other way around.‚Äù - Richard's son Jaco has autism, and their relationship‚Ä¶",0.4939,0.122,0.878,0.0,5
5,BBC,Tue Dec 12 19:19:14 +0000 2017,"RT @BBCOne: ‚ÄúIt‚Äôs gold.‚Äù #TheAWord cast explain what is so special about the show. 

Tonight. 9pm. @BBCOne. https://t.co/hP8zufMx79",0.541,0.17,0.83,0.0,6
6,BBC,Tue Dec 12 19:19:06 +0000 2017,RT @TWBBC: If you're in Glasgow Wednesday night expand your mind with the Tomorrow's World Live show at the Science Centre - all about brai‚Ä¶,0.3182,0.091,0.909,0.0,7
7,BBC,Tue Dec 12 19:18:57 +0000 2017,"RT @BBCScotland: ""IT'S THE KETTLE!"" üòÇ

#ScotSquad 
@Gradowrestling // @Mani2thaJ https://t.co/hc1bob5blR",0.0,0.0,1.0,0.0,8
8,BBC,Tue Dec 12 19:18:27 +0000 2017,RT @BBCWomansHour: Neuroscientist @sophiescott explains how we can tell what people are REALLY thinking üëáüé• (by reading their microexpressio‚Ä¶,0.0,0.0,1.0,0.0,9
9,BBC,Tue Dec 12 19:17:56 +0000 2017,RT @BBC6Music: ‚úÇÔ∏è ‚úÇÔ∏è Scissors at the ready... Make your own @NoelGallagher Christmas decoration to put on your high-flying sleigh ahead of‚Ä¶,0.0,0.0,1.0,0.0,10
10,BBC,Tue Dec 12 19:16:42 +0000 2017,"RT @BBCSpringwatch: 10 glorious photos of British wildlife in the snow
https://t.co/Ap7kaHaozX https://t.co/hEeEvk6hSN",0.6369,0.259,0.741,0.0,11
11,BBC,Tue Dec 12 19:00:03 +0000 2017,"In the 3rd episode of @TWBBC Live, we explore how today‚Äôs scientific research &amp; technology is changing how we care‚Ä¶ https://t.co/4zopZ7DvfC",0.0,0.0,1.0,0.0,12
12,BBC,Tue Dec 12 18:30:05 +0000 2017,"Will we get a white Christmas? üå®üéÑ
We actually get snow on Christmas Day more often than you might think - but it de‚Ä¶ https://t.co/6Yyu2Uuux0",0.0,0.0,1.0,0.0,13
13,BBC,Tue Dec 12 18:00:07 +0000 2017,"üéÖüéÑ Some of the best Christmas world records: Instadogs, Susan Boyle and surfing Santas. https://t.co/MKT10qhvmL https://t.co/PdthEWx1ew",0.6369,0.219,0.781,0.0,14
14,BBC,Tue Dec 12 17:30:05 +0000 2017,"Vinny Singh breaks down the questions that a Sikh gets asked. 
Via @BBCTheSocial. https://t.co/TzDifjETu6",0.0,0.0,1.0,0.0,15
15,BBC,Tue Dec 12 16:58:17 +0000 2017,National treasures @Dawn_French &amp; Jennifer Saunders (@ferrifrump) are back together this festive season with a spec‚Ä¶ https://t.co/7zRCfpqGN7,0.743,0.31,0.69,0.0,16
16,BBC,Tue Dec 12 16:30:01 +0000 2017,üòçüì∏ Your pictures of beautiful Scotland from last week. Via @BBCScotland. https://t.co/oCDu9gmx6j,0.5994,0.262,0.738,0.0,17
17,BBC,Tue Dec 12 16:07:17 +0000 2017,"RT @bbc5live: ""Tom gave the ultimate gift"" 

Lisa donated her son's organs after he died two years ago. https://t.co/DfvkAgRnoF",-0.1779,0.123,0.723,0.153,18
18,BBC,Tue Dec 12 15:34:04 +0000 2017,The eight party season commandments that'll help you survive all the festivities. üò´üéÑ https://t.co/2syg9lMOae https://t.co/44WFAPi0HB,0.8176,0.415,0.585,0.0,19
19,BBC,Tue Dec 12 15:05:52 +0000 2017,RT @BBCiPlayer: üéø Planning a ski holiday? @ClaudiaWinkle has a special message for you üòÇ https://t.co/9bgFssqWxj,0.6597,0.351,0.649,0.0,20
20,BBC,Tue Dec 12 15:04:37 +0000 2017,"RT @BBCOne: #TheApprentice. Emoji style.
üòÅüò∞üôÑ‚ò∫Ô∏èüò†üòèü§ó https://t.co/wVHbF7LKIZ",0.0,0.0,1.0,0.0,21
21,BBC,Tue Dec 12 15:00:10 +0000 2017,"üêãüêô #BluePlanet2 has become @BBCiPlayer‚Äôs most popular programme of the year so far, with 4.2 million requests for t‚Ä¶ https://t.co/m9bcExK8fz",0.4754,0.14,0.86,0.0,22
22,BBC,Tue Dec 12 14:30:09 +0000 2017,ü•á @BBCOne has announced a new Saturday night game show to launch in the run up to Sport Relief 2018.‚Ä¶ https://t.co/26UoAkfV8d,0.4767,0.147,0.853,0.0,23
23,BBC,Tue Dec 12 14:00:05 +0000 2017,New research suggests that #ManFlu is a real thing. üò∑ https://t.co/zMM12bFOCy,0.0,0.0,1.0,0.0,24
24,BBC,Tue Dec 12 13:30:04 +0000 2017,"üç™ @Nigella_Lawson's 'forgotten cookies' recipe is one to remember this Christmas. 
Full recipe here üëâ‚Ä¶ https://t.co/Ti9tNmAlsb",-0.2263,0.0,0.881,0.119,25
25,BBC,Tue Dec 12 13:00:05 +0000 2017,"üê† In the final episode of #BluePlanet2, David Attenborough explored some of the issues facing life in the oceans.‚Ä¶ https://t.co/LGXeb4XRnH",0.0,0.0,1.0,0.0,26
26,BBC,Tue Dec 12 12:50:40 +0000 2017,"RT @BBCR1: ‚ö°Ô∏è @EdSheeran just took on a HUGE Christmas song in the Live Lounge üéÑ‚ú®

https://t.co/Nu8EtGE2Go",0.4648,0.168,0.832,0.0,27
27,BBC,Tue Dec 12 12:50:26 +0000 2017,"RT @BBCR1: It's a HUGE Christmas song, but they did it! ‚ú®

@EdSheeran, @AnneMarieIAm and @beogamusic totally nailed their cover of Fairytal‚Ä¶",0.3201,0.108,0.892,0.0,28
28,BBC,Tue Dec 12 12:30:01 +0000 2017,"#TheLeagueofGentlemen
Coming 18, 19 &amp; 20 December on @BBCTwo!
Via @BBCComedy. https://t.co/6kxS3Pgdwr",0.0,0.0,1.0,0.0,29
29,BBC,Tue Dec 12 12:00:09 +0000 2017,üé∏üìÑü•Å 6 dramatic ways pop stars tried to get out of their record contract. https://t.co/OR4LXmoqPa https://t.co/tzXmCm7qbu,0.0,0.0,1.0,0.0,30
30,BBC,Tue Dec 12 10:53:45 +0000 2017,"RT @BBCTwo: How do you stage a nativity in the car park of a Bethlehem hotel? And, more importantly, how do you make it snow? #TheAlternati‚Ä¶",0.4503,0.114,0.886,0.0,31
31,BBC,Tue Dec 12 10:52:21 +0000 2017,"RT @BBCFOUR: Transit vans, transport cafes, B&amp;Bs and roadies. It's all glamour in the world of rock 'n' roll on the road. Watch now on @BBC‚Ä¶",0.5267,0.12,0.88,0.0,32
32,BBC,Tue Dec 12 10:46:48 +0000 2017,"RT @BBC6Music: üòé What was your favourite song and album of 2017? 

@BBC6Breakfast are warming up for Thursday‚Äôs 6 Music Recommends Best of‚Ä¶",0.7717,0.3,0.7,0.0,33
33,BBC,Tue Dec 12 10:46:26 +0000 2017,"RT @bbcmusic: TODAY IS THE DAY üôå
@EdSheeran joins @BBCR1 for a festive Live Lounge today from 12pm
Listen to @ClaraAmfo live from 12pm üëâ ht‚Ä¶",0.4588,0.12,0.88,0.0,34
34,BBC,Tue Dec 12 10:38:16 +0000 2017,@bbcstories Watch the full story on @BBCiPlayer üëâ¬†https://t.co/YJEr8AwTW5,0.0,0.0,1.0,0.0,35
35,BBC,Tue Dec 12 10:33:47 +0000 2017,RT @bbc5live: Former footballer Clarke Carlisle was reported missing by his wife earlier this year and was found safe as he struggled with‚Ä¶,-0.1779,0.105,0.727,0.167,36
36,BBC,Tue Dec 12 09:43:09 +0000 2017,RT @bbcpress: Duke and Duchess of Cambridge awarded a Gold #BluePeter Badge: https://t.co/an7MZsZyHr @KensingtonRoyal @CBBC https://t.co/uF‚Ä¶,0.4019,0.162,0.838,0.0,37
37,BBC,Tue Dec 12 09:00:06 +0000 2017,"Is the sea really blue? üåä
Variation in sea colour, it turns out, is due to both physics and biology.‚Ä¶ https://t.co/QdQWVAJU3A",0.0,0.0,1.0,0.0,38
38,BBC,Tue Dec 12 08:40:01 +0000 2017,"The amazing story of one daughter, two families a world apart, and a reunion 20 years in the making. ‚ù§Ô∏è Via‚Ä¶ https://t.co/ERruKhHI4s",0.5859,0.167,0.833,0.0,39
39,BBC,Tue Dec 12 08:37:40 +0000 2017,"RT @bbcpress: Danny Boyle directs Banksy‚Äôs #Alternativity performance for new @BBCTwo film, to be aired on 17 December: https://t.co/Yz6zoj‚Ä¶",0.0,0.0,1.0,0.0,40
40,BBC,Tue Dec 12 08:37:09 +0000 2017,"RT @bbcstories: ""My background can never be my weakness.""
The daughters of sex workers, these girls grew up in Mumbai's red light district.‚Ä¶",0.0,0.0,1.0,0.0,41
41,BBC,Tue Dec 12 08:37:01 +0000 2017,RT @BBC_Teach: SciTube is our brand new Primary Science series exploring the work of the world's most famous scientists through 'vlog-style‚Ä¶,0.0,0.0,1.0,0.0,42
42,BBC,Tue Dec 12 08:36:40 +0000 2017,"RT @BBCOne: ‚ú® @mermhart, @NiallOfficial, Midnight Gameshow AND the most ambitious Unexpected Star surprise ever - it can only be #MichaelMc‚Ä¶",0.6697,0.244,0.756,0.0,43
43,BBC,Tue Dec 12 08:36:18 +0000 2017,"RT @AboutTheBBC: We're saddened to hear of the passing of Keith Chegwin who was a presenter on Multi-Coloured Swap Shop, Cheggers Plays Pop‚Ä¶",-0.34,0.079,0.787,0.134,44
44,BBC,Tue Dec 12 08:36:06 +0000 2017,"RT @BBCEarth: ‚ÄúWe need to act now and we need to act together"" üíô
#BluePlanet2 https://t.co/DcORM5aHkD",0.0,0.0,1.0,0.0,45
45,BBC,Tue Dec 12 08:20:04 +0000 2017,"If Armageddon hit, and only one human couple was left, would they be enough to repopulate the planet? üë´üåç‚Ä¶ https://t.co/wGv3fnkENp",0.0,0.0,1.0,0.0,46
46,BBC,Tue Dec 12 08:00:03 +0000 2017,"The Scottish Crossbill, one of the country's most unique birds, is at threat of extinction. üê¶üíî
Via @BBCScotland. https://t.co/w5UHkB5y6i",-0.5267,0.0,0.841,0.159,47
47,BBC,Tue Dec 12 07:38:04 +0000 2017,Frida Kahlo &amp; Diego Rivera painted each other for 25 years. Those works give us an insight into their complex relat‚Ä¶ https://t.co/GqYkKAWccJ,0.0,0.0,1.0,0.0,48
48,BBC,Mon Dec 11 20:00:06 +0000 2017,Seven charts that explain the plastic pollution problem. üìä https://t.co/lunEPtp1f1 https://t.co/T4zi0jF6zO,-0.4019,0.0,0.769,0.231,49
49,BBC,Mon Dec 11 19:30:11 +0000 2017,"üéÑüòã @Nigella_Lawson decamps to the countryside for her cosiest Christmas yet, against a backdrop of crackling log fi‚Ä¶ https://t.co/fwrCQbIE3o",0.0,0.0,1.0,0.0,50
50,BBC,Mon Dec 11 19:00:03 +0000 2017,üë¥üíïüëµ Care home residents across the UK are decorating their walking frames as part of a project called #PimpMyZimmer‚Ä¶ https://t.co/VDZz3ly5oG,0.4939,0.151,0.849,0.0,51
51,BBC,Mon Dec 11 18:30:06 +0000 2017,"In the last 50,000 years, around 101 billion people have lived &amp; died on planet Earth. So what will we do with all‚Ä¶ https://t.co/NpeQCCauhP",-0.5574,0.0,0.865,0.135,52
52,BBC,Mon Dec 11 18:00:10 +0000 2017,"You might have listened to these songs for years, but do you actually know the lyrics to some on the most well-know‚Ä¶ https://t.co/Y0B4avJabB",0.0,0.0,1.0,0.0,53
53,BBC,Mon Dec 11 17:35:53 +0000 2017,A fictional short story called 'Cat Person' is being shared widely online as social media users discuss how much it‚Ä¶ https://t.co/pPfEO5gQHQ,0.34,0.112,0.888,0.0,54
54,BBC,Mon Dec 11 17:30:01 +0000 2017,"This amateur pianist amazed passers-by in Manchester with his dance music renditions. üéπ
Via @BBC5Live. https://t.co/tifSk25A6X",0.4939,0.186,0.814,0.0,55
55,BBC,Mon Dec 11 17:21:48 +0000 2017,"RT @BBCRadio4: Exclusive first preview of the magical Anansi Boys. A little taste of our new @neilhimself drama, coming to you this Christm‚Ä¶",0.128,0.067,0.933,0.0,56
56,BBC,Mon Dec 11 17:03:13 +0000 2017,"RT @TWBBC: Keith Chegwin, who has died aged 60, demonstrating the latest in baby feeding technology on the 1987 Tomorrow's World Christmas‚Ä¶",-0.5574,0.0,0.854,0.146,57
57,BBC,Mon Dec 11 17:03:04 +0000 2017,'To infinity and beyond!' üöÄ ü§† üé¨ Toy Story is available on @BBCiPlayer now.  https://t.co/Nh0nXJd0Pc https://t.co/QngQwVmWzG,0.0,0.0,1.0,0.0,58
58,BBC,Mon Dec 11 16:58:38 +0000 2017,RT @bbcwritersroom: The Miniaturist begins on @BBCOne on Boxing Day. We spoke to #screenwriter @JohnBrownlow about how he met the challenge‚Ä¶,0.0,0.0,1.0,0.0,59
59,BBC,Mon Dec 11 16:57:18 +0000 2017,"RT @bbcmusic: ""I‚Äôve poured my heart into my music""
@SelenaGomez popped into @R1Breakfast this morning üíÖ
üëâ https://t.co/hnFjtHhpRW https://t‚Ä¶",0.0,0.0,1.0,0.0,60
60,BBC,Mon Dec 11 16:43:25 +0000 2017,"RT @CBeebiesHQ: Ready for an early Christmas present? üéÅ

A week filled with NEW Bedtime Stories! üìö‚ú®

Starts tonight with @FloellaBenjamin a‚Ä¶",0.4199,0.128,0.872,0.0,61
61,BBC,Mon Dec 11 16:14:33 +0000 2017,The nominations for the 75th annual Golden Globe Awards have been announced. Here's the full shortlist. üëâ‚Ä¶ https://t.co/HxpWgQgbI9,0.4588,0.15,0.85,0.0,62
62,BBC,Mon Dec 11 16:08:53 +0000 2017,Christopher Plummer has been nominated for a Golden Globe for the role in which he replaced Kevin Spacey.‚Ä¶ https://t.co/wEaNVH6tcB,0.0,0.0,1.0,0.0,63
63,BBC,Mon Dec 11 16:00:02 +0000 2017,"Scotland, looking so beautiful under a blanket of ice. üòç
Via @BBCScotland. https://t.co/CHUXsO10hF",0.7177,0.333,0.667,0.0,64
64,BBC,Mon Dec 11 15:54:56 +0000 2017,RT @bbcthree: Someone in the UK watched Bee Movie 357 times on Netflix in 2017 https://t.co/5ovfKX1TIa https://t.co/E8vAQlaEMF,0.0,0.0,1.0,0.0,65
65,BBC,Mon Dec 11 15:30:07 +0000 2017,‚úå @CalvinHarris is under pressure to remix the Spice Girls classic 2 become 1 after saying he'd do it if same-sex m‚Ä¶ https://t.co/vm73kheGdN,-0.296,0.0,0.896,0.104,66
66,BBC,Mon Dec 11 14:56:13 +0000 2017,"RT @bbcmusic: Watch an exclusive performance of @U2's classic 'All I Want Is You' now on @BBCiPlayer
U2 At The BBC: coming to @BBCOne 19/12‚Ä¶",0.2023,0.113,0.887,0.0,67
67,BBC,Mon Dec 11 14:51:53 +0000 2017,"RT @bbcthree: ""THIS IS WHAT HAPPENS WHEN YOU CHUCK YOUR PLASTIC BAGS IN THE SEA"" 

@kuruptfm on #BluePlanet2. https://t.co/Icp7ZM6lxC",0.0,0.0,1.0,0.0,68
68,BBC,Mon Dec 11 14:44:09 +0000 2017,"Veteran TV presenter Keith Chegwin has died aged 60 after a long illness, his family says. ‚ù§Ô∏èÔ∏è‚Ä¶ https://t.co/BIjMIDsjGF",-0.743,0.0,0.704,0.296,69
69,BBC,Mon Dec 11 14:42:36 +0000 2017,RT @BBCNews: TV's Keith Chegwin dies aged 60 https://t.co/F3rRCKMpGA,0.0,0.0,1.0,0.0,70
70,BBC,Mon Dec 11 14:39:04 +0000 2017,"More than 1/4 of mothers have had their parenting skills criticised by their own parents, &amp; 14% by strangers.‚Ä¶ https://t.co/VO2IUn3fuy",-0.4215,0.0,0.872,0.128,71
71,BBC,Mon Dec 11 14:03:05 +0000 2017,"From bird-eating fish to the Bobbit worm, here are some of the (many, many) times that #BluePlanet2 blew our minds.‚Ä¶ https://t.co/saTflTmI4n",0.0,0.0,1.0,0.0,72
72,BBC,Mon Dec 11 13:39:41 +0000 2017,"RT @BBCR1: üéº This year, to save me from tears
I'll give it to someone special üé∂

@RitaOra just kicked off our week of Christmas Live Lounge‚Ä¶",0.6124,0.198,0.738,0.064,73
73,BBC,Mon Dec 11 13:30:05 +0000 2017,Why the lion is art's most enduring symbol. ü¶Åüé® https://t.co/0xtVFKWy37 https://t.co/FjX1YTK8fH,0.0,0.0,1.0,0.0,74
74,BBC,Mon Dec 11 13:00:07 +0000 2017,Ever wondered who you'd be if you were in the Star Wars universe (you definitely have)? Here's your chance to find‚Ä¶ https://t.co/C47rTXyEJJ,0.0258,0.172,0.696,0.132,75
75,BBC,Mon Dec 11 12:45:06 +0000 2017,The defect that causes the neurodegenerative disease Huntington's has been corrected in patients for the first time‚Ä¶ https://t.co/1WD70ilzab,-0.34,0.0,0.876,0.124,76
76,BBC,Mon Dec 11 12:30:01 +0000 2017,'We keep it well fed with liquid fertiliser as feeding it on its natural diet might prove a bit problematic.' üò¨üêè‚Ä¶ https://t.co/0zuDEVwnOd,0.5574,0.195,0.805,0.0,77
77,BBC,Mon Dec 11 11:57:09 +0000 2017,"It's time to change our plastic bottle behaviour. #BluePlanet2 
Via @BBC5Live https://t.co/kSzSawpYLv",0.0,0.0,1.0,0.0,78
78,BBC,Mon Dec 11 11:48:28 +0000 2017,"RT @BBCOne: ‚ÄúGive nature just that chance and it‚Äôll come back.‚Äù 
Listen to the inspiring interview with Sir David Attenborough in full on t‚Ä¶",0.5859,0.179,0.821,0.0,79
79,BBC,Mon Dec 11 11:45:31 +0000 2017,"RT @BBCRadio4: üéÑ ""You might hear a single pine needle drop.""
We asked Maxine Peake to read our Christmas poem.
#ListenToChristmas https://t‚Ä¶",0.0,0.0,1.0,0.0,80
80,BBC,Mon Dec 11 11:44:28 +0000 2017,"RT @bbcmusic: The amazing @RitaOra joins @BBCR1 for a festive Live Lounge today ‚ú®
Listen live from 12pm: https://t.co/G6HAvsCVbm https://t.‚Ä¶",0.7783,0.298,0.702,0.0,81
81,BBC,Mon Dec 11 11:43:51 +0000 2017,"RT @BBCSpringwatch: How can we sustainably use our fish stocks to make sure there is enough for everyone?
#BluePlanet2 #OurBluePlanet https‚Ä¶",0.3182,0.103,0.897,0.0,82
82,BBC,Mon Dec 11 11:23:57 +0000 2017,"RT @BBCTwo: Two of the most dangerous men in #PeakyBlinders.

In the same room.

At the same time. 

Here's an EXCLUSIVE look at the moment‚Ä¶",-0.2869,0.078,0.803,0.119,83
83,BBC,Mon Dec 11 11:00:11 +0000 2017,‚ùÑÔ∏è‚õÑÔ∏è Some brrrr-illiant cold snap snaps from the recent snowfall in the UK. üì∏ https://t.co/AGS3V858KT https://t.co/xJmRwUlZlx,0.0,0.0,1.0,0.0,84
84,BBC,Mon Dec 11 10:09:23 +0000 2017,"Britain has a new tallest mountain! üèîüá¨üáß
Mount Hope, sited in the part of the Antarctic claimed by the UK, is more t‚Ä¶ https://t.co/KTFGAAB0cU",0.4926,0.127,0.873,0.0,85
85,BBC,Mon Dec 11 09:00:06 +0000 2017,üê®ü§≥ Instagram has announced their decision to ban the use of certain hashtags to help prevent dangerous animal touri‚Ä¶ https://t.co/qQmDDRHbYu,-0.4215,0.214,0.543,0.243,86
86,BBC,Mon Dec 11 08:40:04 +0000 2017,How do you re-create Buckingham Palace? @BBCClick sat down with #TheCrown's visual effects supervisor to find out.‚Ä¶ https://t.co/LukVoPSKHm,0.0,0.0,1.0,0.0,87
87,BBC,Mon Dec 11 08:20:04 +0000 2017,Unseen for 1000 years: how one man unearthed an astonishing collection of ancient Viking plunder. üí∞‚Ä¶ https://t.co/qb2rmMTsx1,0.0,0.0,1.0,0.0,88
88,BBC,Mon Dec 11 08:00:03 +0000 2017,Charles took up sprinting at 95 and became a world champion! üèÉüèºü•á Via @BBCStories. https://t.co/9yprG6XcSa,0.636,0.244,0.756,0.0,89
89,BBC,Mon Dec 11 07:38:04 +0000 2017,"A town in Northern Ireland has the fastest runners in the UK, according to data collected by a fitness app. üèÉ‚è∞‚Ä¶ https://t.co/KjaNDPPwVS",0.2732,0.1,0.9,0.0,90
90,BBC,Sun Dec 10 21:34:02 +0000 2017,"RT @BBCOne: SO. MUCH. CUTE. üòç
#AttenboroughandtheGiantElephant https://t.co/4UyVvh6qBm",0.6915,0.44,0.56,0.0,91
91,BBC,Sun Dec 10 21:02:27 +0000 2017,RT @BBCEarth: 'Never before have we had such an awareness of what we are doing to the planet and never before have we had the power to do s‚Ä¶,0.0,0.0,1.0,0.0,92
92,BBC,Sun Dec 10 21:00:06 +0000 2017,"üåπ@DuaLipa performing 'Homesick' was a completely stunning way to end this series of #SLFN. üíñ
Watch in full üëâ‚Ä¶ https://t.co/LgMlMfnv7F",0.4391,0.145,0.855,0.0,93
93,BBC,Sun Dec 10 20:58:15 +0000 2017,"RT @BBCEarth: 'What shocks me ...is how fast things are changing here. We‚Äôre headed into uncharted territory' - @expeditionlog
#BluePlanet2‚Ä¶",-0.3818,0.0,0.874,0.126,94
94,BBC,Sun Dec 10 20:57:07 +0000 2017,"RT @BBCOne: If we don‚Äôt act, coral reefs could be gone by the end of this century. üò¢ #BluePlanet2 https://t.co/OdOSKBtz0S",0.0,0.0,1.0,0.0,95
95,BBC,Sun Dec 10 20:49:42 +0000 2017,"RT @BBCEarth: In 1986, many nations decided to end commercial whaling, and fishermen are now reporting pods of whales with numbers never se‚Ä¶",0.0,0.0,1.0,0.0,96
96,BBC,Sun Dec 10 20:45:04 +0000 2017,"Little things can make a big difference.
#BluePlanet2 via @BBCEarth https://t.co/hyzwA06cNw",0.0,0.0,1.0,0.0,97
97,BBC,Sun Dec 10 20:43:59 +0000 2017,"RT @BBCSpringwatch: Manmade materials are destroying #OurBluePlanet - this is how
#BluePlanet2 
https://t.co/sEccQzjv1r https://t.co/7ZmDOz‚Ä¶",-0.5574,0.0,0.769,0.231,98
98,BBC,Sun Dec 10 20:43:18 +0000 2017,"RT @BBCEarth: It‚Äôs estimated that tens of millions of sharks are killed each year from getting trapped in fishing nets
#BluePlanet2 https:/‚Ä¶",-0.836,0.0,0.717,0.283,99
99,BBC,Sun Dec 10 20:24:26 +0000 2017,RT @BBCOne: These are *all* items regurgitated by birds. üò• #BluePlanet2 https://t.co/WyFtZHjKjx,0.0,0.0,1.0,0.0,100
100,CBS,Tue Dec 12 20:34:16 +0000 2017,"RT @thegoodfight: Court is back in session. Season 2 of #TheGoodFight premieres March 4, exclusively on CBS All Access: https://t.co/Niu5a8‚Ä¶",0.0,0.0,1.0,0.0,1
101,CBS,Tue Dec 12 19:31:42 +0000 2017,‚ùÑÔ∏è Happy holidays from CBS! ‚ùÑÔ∏è  #fullbobble https://t.co/Xef9fKoPTv,0.7644,0.524,0.476,0.0,2
102,CBS,Tue Dec 12 19:04:59 +0000 2017,Only two weeks until The 40th Annual Kennedy Center Honors air on December 26! Look back on four decades of inspiri‚Ä¶ https://t.co/z4J8sfs55V,0.5562,0.146,0.854,0.0,3
103,CBS,Tue Dec 12 17:13:52 +0000 2017,"Mark your calendars! The 53rd Academy Of Country Music Awards will air Sunday, April 15 on CBS!‚Ä¶ https://t.co/yYPc5rCiMW",0.555,0.174,0.826,0.0,4
104,CBS,Mon Dec 11 21:29:33 +0000 2017,The search is on to find the pro football player with the best off-the-field talent! Vote for your favorite perform‚Ä¶ https://t.co/musmVXrRJz,0.8832,0.364,0.636,0.0,5
105,CBS,Mon Dec 11 19:05:21 +0000 2017,RT @MadamSecretary: No D.C. holiday party is complete without some political persuasion and a covert sting to bust a corrupt senator. üéÑ‚≠êÔ∏è S‚Ä¶,0.4939,0.211,0.703,0.086,6
106,CBS,Mon Dec 11 00:26:50 +0000 2017,"Due to NFL overrun, CBS is delayed 8 mins in the following ET &amp; CT markets: Hunstville, AL, Bowling Green, KY, MS,‚Ä¶ https://t.co/gbwhgooEQd",-0.2263,0.0,0.917,0.083,7
107,CBS,Mon Dec 11 00:25:54 +0000 2017,"Due to NFL overrun CBS is delayed 7 mins in the following ET &amp; CT markets Tampa, Chicago, Maryland, Michigan, Wash‚Ä¶ https://t.co/driVgCiX7D",-0.2263,0.0,0.913,0.087,8
108,CBS,Sun Dec 10 22:49:02 +0000 2017,"RT @NoActivityCBS: If you want the intel, you get the tickles. üòÇ Stream the first 5 episodes of #NoActivity now: https://t.co/Wzq9bVOhGN ht‚Ä¶",0.0772,0.064,0.936,0.0,9
109,CBS,Sun Dec 10 22:48:46 +0000 2017,RT @startrekcbs: .@albinokid and @wcruz73 are breaking new ground in #StarTrekDiscovery. üè≥Ô∏è‚Äçüåà Stream chapter 1 on CBS All Access: https://t‚Ä¶,0.0,0.0,1.0,0.0,10
110,CBS,Sat Dec 09 18:24:37 +0000 2017,Don‚Äôt miss America‚Äôs Game! Stream the Army-Navy game LIVE today at 3PM ET with a FREE trial of #CBSAllAccess:‚Ä¶ https://t.co/38udnQj2vs,0.5754,0.189,0.742,0.07,11
111,CBS,Sat Dec 09 01:11:51 +0000 2017,"There's still time before we have to say so long! Catch up with Carol Burnett, her original castmates and special g‚Ä¶ https://t.co/WTiK8dzaXO",0.6476,0.209,0.791,0.0,12
112,CBS,Fri Dec 08 23:35:41 +0000 2017,RT @bigbangtheory: It's the biggest best friend breakup of the year... üò± Stream the latest full episode of #BigBangTheory: https://t.co/iIw‚Ä¶,0.8126,0.303,0.697,0.0,13
113,CBS,Thu Dec 07 18:23:03 +0000 2017,"RT @AmazingRaceCBS: Presenting... the 30th cast of the #AmazingRace! Made up of champions and winners, this is quite literally the most com‚Ä¶",0.7777,0.254,0.746,0.0,14
114,CBS,Thu Dec 07 12:07:06 +0000 2017,Do you know all the nominees for Song Of The Year? Get familiar with this year's GRAMMY¬Æ Award nominees ahead of Mu‚Ä¶ https://t.co/I6hhOtfQjb,0.5423,0.137,0.863,0.0,15
115,CBS,Wed Dec 06 17:32:28 +0000 2017,"A new Twilight Zone original series is coming exclusively to CBS All Access in association with @JordanPeele,‚Ä¶ https://t.co/fVYnhUASee",0.3182,0.126,0.874,0.0,16
116,CBS,Tue Dec 05 19:21:31 +0000 2017,RT @SuperiorDonuts: You'll want to check this box! ‚òëÔ∏é Stream the latest episode of #SuperiorDonuts: https://t.co/h1xhKLCAPl https://t.co/d8‚Ä¶,0.1511,0.09,0.91,0.0,17
117,CBS,Tue Dec 05 19:14:00 +0000 2017,RT @YoungSheldon: Wondering what it's like behind the scenes of #YoungSheldon? Let star @OfficialRaeganR take you on a tour of the set! htt‚Ä¶,0.4199,0.117,0.883,0.0,18
118,CBS,Tue Dec 05 00:54:16 +0000 2017,The Kennedy Center Honors recognizes the lifetime contributions of all types of performance artists. Watch the 40th‚Ä¶ https://t.co/azF3rW2ptw,0.5106,0.163,0.837,0.0,19
119,CBS,Tue Dec 05 00:03:06 +0000 2017,RT @YoungSheldon: There's something @elonmusk never told you about @spacex's Falcon 9. üìì  #YoungSheldon https://t.co/bu3W0IC8zN,0.0,0.0,1.0,0.0,20
120,CBS,Mon Dec 04 20:52:31 +0000 2017,"Just like old times, Carol Burnett bumps up the lights and answers questions from the audience. Catch up on The Car‚Ä¶ https://t.co/9r7WI8d1tZ",0.3612,0.106,0.894,0.0,21
121,CBS,Mon Dec 04 19:22:07 +0000 2017,Star comedian @JimCarrey gets emotional when he expresses his heartfelt thanks to Carol Burnett for her positive in‚Ä¶ https://t.co/5QCejBcg5T,0.9217,0.504,0.496,0.0,22
122,CBS,Mon Dec 04 07:14:06 +0000 2017,Take a trip down memory lane with Carol Burnett for a special tribute you'll never forget. Catch up on The Carol Bu‚Ä¶ https://t.co/XBINDav614,0.5213,0.187,0.813,0.0,23
123,CBS,Mon Dec 04 03:02:00 +0000 2017,"RT @JLawlorNY: So, ok...maybe I'm crying at at the #CarolBurnett50 finale with everyone singing her theme song! #ImSoGladWeHadThisTimeToget‚Ä¶",-0.5655,0.0,0.823,0.177,24
124,CBS,Mon Dec 04 03:01:09 +0000 2017,RT @junerenee: A true classic and favorite!! Love #CarolBurnett50 laughed and cried...just like before!,0.9466,0.672,0.328,0.0,25
125,CBS,Mon Dec 04 02:51:35 +0000 2017,RT if you‚Äôve loved reliving these classic moments during #CarolBurnett50 https://t.co/I1tIWeSlsQ,0.5994,0.281,0.719,0.0,26
126,CBS,Mon Dec 04 02:49:27 +0000 2017,RT @Mom101: I can't tell you the joy of seeing my 10yo laughing at this. Especially the Tim Conway dentist sketch.  #CarolBurnett50,0.7906,0.269,0.731,0.0,27
127,CBS,Mon Dec 04 02:47:39 +0000 2017,"RT @AdeleAndMike: Thank You for bringing back such wonderful memories, the entire family would gather to watch, and we would then laugh abo‚Ä¶",0.8689,0.329,0.671,0.0,28
128,CBS,Mon Dec 04 02:43:14 +0000 2017,RT @tessab13: The Siamese Elephants skit on the Carol Burnett show is such a classic and possibly my favorite. Loved Tim Conway! #CarolBurn‚Ä¶,0.8016,0.264,0.736,0.0,29
129,CBS,Mon Dec 04 02:26:30 +0000 2017,RT @inezpanebianco: @OfficialBPeters and Carol Burnett reminiscing back on the carol burnett show is my idea of a perfect night ‚ù§Ô∏è #CarolBu‚Ä¶,0.5719,0.156,0.844,0.0,30
130,CBS,Mon Dec 04 02:22:42 +0000 2017,"What a performance by @OfficialBPeters, @KChenoweth, Carol Burnett, Steve Lawrence, and @StephenAtHome!‚Ä¶ https://t.co/DqewQ6ASQp",0.0,0.0,1.0,0.0,31
131,CBS,Mon Dec 04 02:12:59 +0000 2017,RT @jonjeffryes: Bob Mackie created 65 costumes a week for The Carol Burnett Show #CarolBurnett50,0.25,0.133,0.867,0.0,32
132,CBS,Mon Dec 04 01:56:26 +0000 2017,RT @bmayberry92: Steve Carell with that video submission though! üòÇ #carolburnett50,0.0,0.0,1.0,0.0,33
133,CBS,Mon Dec 04 01:55:44 +0000 2017,She‚Äôs still got it! #CarolBurnett50 https://t.co/zTxZc5zrqP,0.0,0.0,1.0,0.0,34
134,CBS,Mon Dec 04 01:43:24 +0000 2017,RT @BobMackie: Our friend Tim Conway never failed to make us laugh #CarolBurnett50,0.8591,0.487,0.513,0.0,35
135,CBS,Mon Dec 04 01:33:37 +0000 2017,RT @bpeters99: #CarolBurnett50  Am I the Only one with tears in my eyes while I give a standing ovation from my couch? One of the most bril‚Ä¶,-0.2263,0.0,0.924,0.076,36
136,CBS,Mon Dec 04 01:24:51 +0000 2017,RT @SuperJen1117: This show is awesome...Some of the funniest women together on one stage üôåüèº‚ù§Ô∏è #CarolBurnett50,0.5574,0.194,0.806,0.0,37
137,CBS,Mon Dec 04 01:13:30 +0000 2017,These two are just like sisters ‚ù§Ô∏è #CarolBurnett50 https://t.co/EPpyf2kOuV,0.3612,0.238,0.762,0.0,38
138,CBS,Mon Dec 04 01:11:57 +0000 2017,RT @chattie: Watching #carolburnett50  can‚Äôt quit smiling. Brings me memories of watching on Saturday nights with my mom and grandma.,0.4588,0.136,0.864,0.0,39
139,CBS,Mon Dec 04 01:05:31 +0000 2017,RT @DanRocks98: Settling in for the #CarolBurnett50 special. This lady is comedy gold! A true staple of my childhood.,0.807,0.356,0.644,0.0,40
140,CBS,Mon Dec 04 01:00:09 +0000 2017,She‚Äôs back! Tune in now to see The Carol Burnett 50th Anniversary Special on CBS and CBS All Access. #CarolBurnett50 https://t.co/HhvRmT5AR0,0.4574,0.13,0.87,0.0,41
141,CBS,Mon Dec 04 00:25:16 +0000 2017,"Due to #NFL football overrun #CBS is delayed 11 min in: 
Atlanta 
Baltimore 
Columbus
Cleveland 
Toledo
Detroit
Fli‚Ä¶ https://t.co/oCkn11yJOR",-0.2263,0.0,0.905,0.095,42
142,CBS,Sun Dec 03 20:00:02 +0000 2017,Relive the laughter and the magic in this star-studded tribute to everyone's favorite classic comedy show. Don't mi‚Ä¶ https://t.co/WV6jxBnRAt,0.8271,0.352,0.648,0.0,43
143,CBS,Sun Dec 03 18:44:14 +0000 2017,"Tonight, spend an evening together with Carol Burnett and celebrity friends as they celebrate The Carol Burnett 50t‚Ä¶ https://t.co/uH2uM9cJFS",0.7783,0.286,0.714,0.0,44
144,CBS,Sun Dec 03 17:32:01 +0000 2017,Carol Burnett credits the close-knit cast for the success of her show. Join her and original cast members Vicki Law‚Ä¶ https://t.co/1rlNPUS5EJ,0.8658,0.386,0.614,0.0,45
145,CBS,Sun Dec 03 13:00:04 +0000 2017,Carol Burnett and friends reflect on how the show became an instant classic that's still celebrated today! Join the‚Ä¶ https://t.co/lZgVz9XSyM,0.8516,0.353,0.647,0.0,46
146,CBS,Sun Dec 03 12:00:01 +0000 2017,"Tonight, celebrate with Carol Burnett, Vicki Lawrence, Lyle Waggoner &amp; more special guests! Find out how to watch T‚Ä¶ https://t.co/Rhm6RJ34u2",0.7897,0.28,0.72,0.0,47
147,CBS,Sat Dec 02 15:55:39 +0000 2017,Stream Indiana at Michigan LIVE today at 12:30PM ET with a 1-month FREE trial of #CBSAllAccess. Just use promo code‚Ä¶ https://t.co/xRem3zSyEQ,0.6166,0.175,0.825,0.0,48
148,CBS,Sat Dec 02 14:30:03 +0000 2017,Kristin Chenoweth (@KChenoweth) explains why audiences still crave Carol Burnett! Don't miss The Carol Burnett 50th‚Ä¶ https://t.co/kM92NTtTfs,0.1867,0.098,0.902,0.0,49
149,CBS,Sat Dec 02 13:00:07 +0000 2017,"Catch up on this amazing lineup of music specials! Here's how to watch Bruno Mars: 24K Magic Live at the Apollo, Th‚Ä¶ https://t.co/Jit2CzZJCY",0.6996,0.179,0.821,0.0,50
150,CBS,Sat Dec 02 12:00:03 +0000 2017,Missed Bruno Mars: 24K Magic Live at the Apollo? Keep up! Watch the full show: https://t.co/itXpGB5gRm #BrunoMars https://t.co/8yyQlC1LML,-0.3595,0.0,0.872,0.128,51
151,CBS,Fri Dec 01 22:43:05 +0000 2017,Reminisce with these classic photos and get ready to relive the magic when The Carol Burnett 50th Anniversary Speci‚Ä¶ https://t.co/yJQEzCjoSA,0.3612,0.116,0.884,0.0,52
152,CBS,Fri Dec 01 22:15:28 +0000 2017,"RT @LivinBiblically: In the beginning, there was Chip. And lo! Chip had a revelation. #LivingBiblically is a new comedy premiering Monday,‚Ä¶",0.4199,0.134,0.866,0.0,53
153,CBS,Fri Dec 01 21:00:12 +0000 2017,"Discover these pro football stars' off-the-field talents in MVP: Most Valuable Performer, airing Jan 25 on CBS! Fin‚Ä¶ https://t.co/g8jSRW8mQf",0.7707,0.282,0.718,0.0,54
154,CBS,Fri Dec 01 20:17:18 +0000 2017,"Find out when #BigBrother celebrity edition, #AmazingRace, #Survivor, new drama @instinctcbs and new comedy‚Ä¶ https://t.co/4Psl74zcCB",0.0,0.0,1.0,0.0,55
155,CBS,Fri Dec 01 19:32:18 +0000 2017,Actress @BethBehrs explains why Carol Burnett is her hero! Celebrate her lasting influence with The Carol Burnett 5‚Ä¶ https://t.co/Lnt5P9jEu0,0.8221,0.309,0.691,0.0,56
156,CBS,Fri Dec 01 18:40:34 +0000 2017,"RT @instinctcbs: New drama #Instinct, starring @Alancumming, premieres Sunday, March 11 on @CBS! https://t.co/aaL0JXpqav",0.0,0.0,1.0,0.0,57
157,CBS,Fri Dec 01 18:16:37 +0000 2017,"RT @AmazingRaceCBS: On your marks... #AmazingRace returns Wednesday, January 3! https://t.co/XMSJSUymUZ",0.0,0.0,1.0,0.0,58
158,CBS,Fri Dec 01 18:10:11 +0000 2017,RT @CBSBigBrother: Mark. Your. Calendars. The celebrity edition of #BigBrother premieres February 7! https://t.co/nP3Do6jTwM,0.0,0.0,1.0,0.0,59
159,CBS,Fri Dec 01 14:00:04 +0000 2017,The Angels await you... catch up on the world's most celebrated fashion show now! Watch the full 2017‚Ä¶ https://t.co/xfYDbEzpfX,0.6893,0.251,0.749,0.0,60
160,CBS,Fri Dec 01 12:00:03 +0000 2017,"Comedy stars Amy Poehler, Bill Hader, @MayaRudolph &amp; @TraceeEllisRoss give the legendary Tarzan yell a try- but no‚Ä¶ https://t.co/lrrHE2f9Nv",0.1901,0.093,0.907,0.0,61
161,CBS,Fri Dec 01 01:31:30 +0000 2017,Action-adventure series 'Blood &amp; Treasure' has been picked up for broadcast in Summer 2019: https://t.co/gAjqbF5bYh https://t.co/3cTBH9AKFI,0.296,0.128,0.872,0.0,62
162,CBS,Thu Nov 30 21:10:19 +0000 2017,Carol Burnett visited @TheTalkCBS to discuss how she got her start in show business! Watch The Carol Burnett 50th A‚Ä¶ https://t.co/EyqmFWZHEC,0.0,0.0,1.0,0.0,63
163,CBS,Thu Nov 30 20:54:39 +0000 2017,"The world's most beloved fairy tales are reimagined as a dark &amp; twisted psychological thriller in ""Tell Me A Story,‚Ä¶ https://t.co/CytIswrRj1",0.6115,0.227,0.773,0.0,64
164,CBS,Thu Nov 30 17:40:02 +0000 2017,RT @RansomCBS: #Ransom star @luke_j_roberts on set in Budapest for Season 2! https://t.co/rgC5ylqSMp,0.0,0.0,1.0,0.0,65
165,CBS,Thu Nov 30 17:30:05 +0000 2017,Comic @JayLeno reflects on the major impression Carol Burnett left on him. Celebrate The Carol Burnett 50th Anniver‚Ä¶ https://t.co/PIakndHJt1,0.6808,0.248,0.752,0.0,66
166,CBS,Thu Nov 30 15:00:05 +0000 2017,"Watch #BrunoMars perform ""That's What I Like"" in Bruno Mars: 24K Magic Live at the Apollo: https://t.co/hAFcB9HpE3 https://t.co/I7ZWHdDYCP",0.3612,0.135,0.865,0.0,67
167,CBS,Thu Nov 30 12:00:03 +0000 2017,"Watch #BrunoMars perform ""24K Magic"" in Bruno Mars: 24K Magic Live at the Apollo: https://t.co/UgD4fC5cS6 https://t.co/iTGKJSbjwY",0.0,0.0,1.0,0.0,68
168,CBS,Thu Nov 30 07:52:09 +0000 2017,Missed Bruno Mars: 24K Magic Live at the Apollo Theater? Keep up! Watch the full show: https://t.co/itXpGB5gRm‚Ä¶ https://t.co/nkRMIUd2Df,-0.3595,0.0,0.872,0.128,69
169,CBS,Thu Nov 30 04:09:55 +0000 2017,RT @CWatkinsTV: That. Was. Amazing! #BrunoMars,0.6239,0.45,0.55,0.0,70
170,CBS,Thu Nov 30 04:00:27 +0000 2017,The stage is üî•üî• #BrunoMars https://t.co/nykrDH46Bs,0.0,0.0,1.0,0.0,71
171,CBS,Thu Nov 30 03:59:09 +0000 2017,RT @anitakearney65: I could watch this all night #Brunomars #BrunosTvSpecial so much fun to watch OMG,0.5542,0.204,0.796,0.0,72
172,CBS,Thu Nov 30 03:55:37 +0000 2017,Everybody put your hands up! #BrunoMars https://t.co/jU7NyttAqv,0.0,0.0,1.0,0.0,73
173,CBS,Thu Nov 30 03:51:38 +0000 2017,RT @Sara_nurse: My 2yr old niece heard @BrunoMars and is now up singing and dancing #BrunosTVSpecial #BrunoMars,0.0,0.0,1.0,0.0,74
174,CBS,Thu Nov 30 03:44:54 +0000 2017,"RT @AllieNY86: His voice is mesmerizing 
#BrunoMars",0.0,0.0,1.0,0.0,75
175,CBS,Thu Nov 30 03:37:13 +0000 2017,RT @BrunoMars: We love you MARY!!!! ‚ù§Ô∏è #BrunosTvSpecial,0.7482,0.434,0.566,0.0,76
176,CBS,Thu Nov 30 03:35:13 +0000 2017,RT @RDMichelleLNK: Loving a dose of #BrunoMars midweek. So amazing!,0.8513,0.542,0.458,0.0,77
177,CBS,Thu Nov 30 03:33:32 +0000 2017,We‚Äôre only halfway into the show. Get ready for more of your favorite #BrunoMars tunes! https://t.co/BJh0PeX864,0.7232,0.302,0.698,0.0,78
178,CBS,Thu Nov 30 03:23:03 +0000 2017,"When #BrunoMars tells you to pick up the phone, that‚Äôs exactly what you do. https://t.co/JZDS26h3lL",0.0,0.0,1.0,0.0,79
179,CBS,Thu Nov 30 03:11:31 +0000 2017,RT @MargoSlade: Best way to relax after a hard day of work watching #BrunoMars on #BrunosTVSpecial my heart is the happiest,0.8979,0.394,0.557,0.049,80
180,CBS,Thu Nov 30 03:09:54 +0000 2017,RT @Tiffany48184: Now that's how you open up a show!!!!! #BrunoMars,0.0,0.0,1.0,0.0,81
181,CBS,Thu Nov 30 03:07:20 +0000 2017,RT if you‚Äôre ready to party with #BrunoMars!! https://t.co/o4qQoKOzgH,0.6988,0.452,0.548,0.0,82
182,CBS,Thu Nov 30 03:06:38 +0000 2017,RT @BrunoMars: POP POP!!üí•üí• everyone tweet #BrunosTvSpecial! We on!!!! üçæ,0.0,0.0,1.0,0.0,83
183,CBS,Thu Nov 30 03:03:15 +0000 2017,RT @Queentassia14: Bruno Mars Live at the Apollo!!!! Yeah I have to wake up at like 4 am for work.... but it's worth it. #BrunoMars #Brunos‚Ä¶,0.7067,0.246,0.754,0.0,84
184,CBS,Thu Nov 30 03:02:34 +0000 2017,RT @asbstar30: BRUNO #BrunoMars,0.0,0.0,1.0,0.0,85
185,CBS,Thu Nov 30 02:59:59 +0000 2017,"Get on your feet, and prepare to dance. #BrunoMars is hitting the stage! https://t.co/yOyq8JlMZj",0.0,0.0,1.0,0.0,86
186,CBS,Thu Nov 30 02:45:03 +0000 2017,"Pop pop, it's showtime! Bruno Mars: 24K Magic Live at the Apollo starts at 10/9c on CBS, or try 1 month FREE of CBS‚Ä¶ https://t.co/cpCSYDKieM",0.6514,0.158,0.842,0.0,87
187,CBS,Thu Nov 30 00:06:05 +0000 2017,Calling all Bruno Mars' lovelies... don't miss Bruno Mars: 24K Magic Live at the Apollo tonight @ 10/9c on CBS &amp; CB‚Ä¶ https://t.co/nGOgukLMx9,0.1139,0.064,0.936,0.0,88
188,CBS,Wed Nov 29 23:20:13 +0000 2017,You'll treasure this special night with #BrunoMars! Find out how to watch Bruno Mars: 24K Magic Live at the Apollo‚Ä¶ https://t.co/qF2eRcJLSJ,0.6825,0.228,0.772,0.0,89
189,CBS,Wed Nov 29 23:15:24 +0000 2017,RT @BrunoMars: Ladies put your hoops on tonight! Fellas break out that good cologne! #BrunosTvSpecial is airing on @CBS! What y‚Äôall trynna‚Ä¶,0.5826,0.152,0.848,0.0,90
190,CBS,Wed Nov 29 23:14:57 +0000 2017,RT @YoungSheldon: Sheldon will do whatever it takes to get his hands on his own computer in tomorrow's all-new episode of #YoungSheldon! ht‚Ä¶,0.0,0.0,1.0,0.0,91
191,CBS,Wed Nov 29 23:13:40 +0000 2017,RT @survivorcbs: What drama will ensue on back-to-back episodes of #Survivor tonight? Watch a sneak peek now: https://t.co/LHcxyClSw1 https‚Ä¶,0.0,0.0,1.0,0.0,92
192,CBS,Wed Nov 29 22:34:56 +0000 2017,Discover every reason why #BrunoMars is 24K Magic! Watch Bruno Mars: 24K Magic Live at the Apollo tonight @ 10/9c o‚Ä¶ https://t.co/oaPjvl3rSW,0.0,0.0,1.0,0.0,93
193,CBS,Wed Nov 29 21:07:33 +0000 2017,Did you catch these tiny moments during the 2017 Victoria's Secret Fashion Show? Find out what you may have missed:‚Ä¶ https://t.co/IIyupot9uU,0.0,0.0,1.0,0.0,94
194,CBS,Wed Nov 29 20:41:13 +0000 2017,RT @funnyordie: Live! Watch Tim Meadows and Patrick Brammall of @NoActivityCBS play themselves in new 8-bit video game! https://t.co/nXCuHO‚Ä¶,0.4559,0.142,0.858,0.0,95
195,CBS,Wed Nov 29 15:00:07 +0000 2017,The 'Only Angel' @Harry_Styles saw last night were the ones on the runway! Watch him perform at the #VSFashionShow:‚Ä¶ https://t.co/na8GAiZwmS,0.0,0.0,1.0,0.0,96
196,CBS,Wed Nov 29 12:00:06 +0000 2017,This entire collection is drop-dead gorgeous. See all the most sizzling looks from the 2017 #VSFashionShow:‚Ä¶ https://t.co/zpTKXcm05r,0.6124,0.2,0.8,0.0,97
197,CBS,Wed Nov 29 09:09:48 +0000 2017,"Stars @Miguel, @Harry_Styles, @leslieodomjr &amp; more set the tone for a truly incredible show! Watch all the musical‚Ä¶ https://t.co/kmo4l3aGai",0.4926,0.158,0.842,0.0,98
198,CBS,Wed Nov 29 08:39:05 +0000 2017,Some of the best moments happen behind the scenes! Here's your backstage pass to the 2017 Victoria's Secret Fashion‚Ä¶ https://t.co/S8MpOnhC6b,0.6696,0.191,0.809,0.0,99
199,CBS,Wed Nov 29 08:22:35 +0000 2017,"From the sky-high heels to the jaw-dropping wings, these outfits are fashion goals! See all the best looks from the‚Ä¶ https://t.co/GnyZ8NnBYH",0.6696,0.183,0.817,0.0,100
200,CNN,Wed Dec 13 06:31:06 +0000 2017,"Canada wasn't bluffing.

The country has ditched plans to buy 18 new F/A-18 Super Hornet fighter jets from Boeing a‚Ä¶ https://t.co/Wbi47TI6Fi",0.6705,0.224,0.776,0.0,1
201,CNN,Wed Dec 13 06:31:03 +0000 2017,"Secretary of State of Alabama John Merrill said it was ""highly unlikely"" that Democrat Doug Jones would not be cert‚Ä¶ https://t.co/oUJiP4GJA0",0.0,0.0,1.0,0.0,2
202,CNN,Wed Dec 13 06:13:07 +0000 2017,"Another presumed North Korean ""ghost ship"" has washed up on Japan's shores, with at least one dead body on board‚Ä¶ https://t.co/eIKPAHSXHN",-0.765,0.0,0.742,0.258,3
203,CNN,Wed Dec 13 06:08:04 +0000 2017,Doug Jones' future Senate colleagues prepare for his arrival https://t.co/EoJPa2Logh https://t.co/LqoOauPv3F,0.0,0.0,1.0,0.0,4
204,CNN,Wed Dec 13 06:02:15 +0000 2017,"Prince William and Prince Harry walked the red carpet at the European premiere of ""Star Wars: The Last Jedi""‚Ä¶ https://t.co/Ea0qMj086M",-0.5574,0.0,0.841,0.159,5
205,CNN,Wed Dec 13 05:54:52 +0000 2017,"Former NBA player Charles Barkley says that Democrat Doug Jones' projected victory in Alabama is ""a wake-up call fo‚Ä¶ https://t.co/jIDgVtnYWh",0.0,0.0,1.0,0.0,6
206,CNN,Wed Dec 13 05:41:06 +0000 2017,This couple lost two homes in two months due to California wildfires https://t.co/9GWFlfshPz https://t.co/IRb59exorB,-0.3182,0.0,0.85,0.15,7
207,CNN,Wed Dec 13 05:31:04 +0000 2017,5 takeaways from Doug Jones' massive victory in Alabama | Analysis by CNN's Chris Cillizza https://t.co/6zE0RLS2gr https://t.co/xwy2aOXLqX,0.0,0.0,1.0,0.0,8
208,CNN,Wed Dec 13 05:27:04 +0000 2017,"Democrat Doug Jones addressed supporters in Birmingham, Alabama, following his victory in the Senate special electi‚Ä¶ https://t.co/QNLGIh9KtZ",0.6808,0.272,0.728,0.0,9
209,CNN,Wed Dec 13 05:19:48 +0000 2017,Republican Roy Moore did not concede to Democrat Doug Jones in the US Senate race as he addressed supporters in Mon‚Ä¶ https://t.co/RFG1pnZdDR,0.4404,0.121,0.879,0.0,10
210,CNN,Wed Dec 13 05:16:03 +0000 2017,Special counsel Robert Mueller's team has completed all interviews it has requested with White House staffers to da‚Ä¶ https://t.co/hbZrrSRlql,0.4019,0.13,0.87,0.0,11
211,CNN,Wed Dec 13 05:12:07 +0000 2017,A devastating loss for Trump in Alabama | @julianzelizer writes for @CNNOpinion https://t.co/Q1eR6JCUfO https://t.co/MbMRP1FJA3,-0.765,0.0,0.602,0.398,12
212,CNN,Wed Dec 13 05:04:44 +0000 2017,"""Tonight, Alabama voters elected a senator who'll make them proud"": Hillary Clinton shares a message of optimism wi‚Ä¶ https://t.co/EGi0SRFYCc",0.6908,0.275,0.725,0.0,13
213,CNN,Wed Dec 13 04:52:31 +0000 2017,Alabama Secretary of State John Merrill tells CNN it is ‚Äúhighly unlikely‚Äù the outcome of the election will change:‚Ä¶ https://t.co/llTvPSrLfw,0.0,0.0,1.0,0.0,14
214,CNN,Wed Dec 13 04:44:36 +0000 2017,"Alabama Secretary of State John Merrill: ‚ÄúThe people of Alabama have spoken tonight, they have made their voice hea‚Ä¶ https://t.co/udQ1uPWM1X",0.0,0.0,1.0,0.0,15
215,CNN,Wed Dec 13 04:42:57 +0000 2017,"Roy Moore refuses to concede, says ""we also know that God is in control"" https://t.co/1sJSZehJKH https://t.co/IXqp0xvnhB",0.2732,0.123,0.877,0.0,16
216,CNN,Wed Dec 13 04:39:45 +0000 2017,"Roy Moore refuses to concede: ‚ÄúWhen the vote is this close, it is not over‚Äù https://t.co/sZyHN9M9Ct https://t.co/bvIV9h5bn5",0.0,0.0,1.0,0.0,17
217,CNN,Wed Dec 13 04:26:05 +0000 2017,"Former NBA player Charles Barkley: ""Roy Moore was an embarrassment. ... I am just so proud of my state. ... We've g‚Ä¶ https://t.co/49Wn9t6Fno",0.2712,0.148,0.744,0.108,18
218,CNN,Wed Dec 13 04:21:46 +0000 2017,Former NBA player and Alabama native Charles Barkley: ‚ÄúThis is a wake-up call for Democrats to do better for black‚Ä¶ https://t.co/0iwoBeFiPH,0.4404,0.132,0.868,0.0,19
219,CNN,Wed Dec 13 04:21:20 +0000 2017,Former NBA player and Alabama native Charles Barkley says Doug Jones‚Äô victory is a referendum on the state: ‚ÄúWe rea‚Ä¶ https://t.co/b98ksNxSlF,0.0,0.0,1.0,0.0,20
220,CNN,Wed Dec 13 04:15:58 +0000 2017,Sen.-elect Doug Jones: ‚ÄúThis entire race has been about dignity and respect. This campaign has been about the rule‚Ä¶ https://t.co/9Yim0HlPZ8,0.7003,0.244,0.756,0.0,21
221,CNN,Wed Dec 13 04:08:46 +0000 2017,"Sen.-elect Doug Jones: ‚ÄúWe have been at crossroads in the past, and unfortunately we have usually taken the wrong f‚Ä¶ https://t.co/BMibXHfQql",-0.6705,0.0,0.776,0.224,22
222,CNN,Wed Dec 13 04:07:14 +0000 2017,Sen.-elect Doug Jones: ‚ÄúI have always believed that the people of Alabama had more in common than to divide us‚Äù https://t.co/7sr12O4z0r,0.0,0.0,1.0,0.0,23
223,CNN,Wed Dec 13 04:01:30 +0000 2017,"Alabama Democratic Sen.-elect Doug Jones thanks supporters: ‚ÄúI think that I have been waiting all my life, and now‚Ä¶ https://t.co/Eub6ah7VYO",0.7003,0.254,0.746,0.0,24
224,CNN,Wed Dec 13 03:57:50 +0000 2017,Democrat Doug Jones speaks from his campaign headquarters after his upset over Republican Roy Moore. Watch CNN:‚Ä¶ https://t.co/NUzpaJoF6D,-0.3818,0.0,0.867,0.133,25
225,CNN,Wed Dec 13 03:56:15 +0000 2017,"""A president who would all but call Sen. Kirsten Gillibrand a whore is not fit to clean the toilets in the Barack O‚Ä¶ https://t.co/5LwTdKn8FB",-0.91,0.0,0.635,0.365,26
226,CNN,Wed Dec 13 03:47:40 +0000 2017,"Bakari Sellers: ""The raw emotion of victory on election night is something Democrats have not heard in a long time.‚Ä¶ https://t.co/8XZ8A9mxiq",0.0,0.0,1.0,0.0,27
227,CNN,Wed Dec 13 03:42:31 +0000 2017,"What you need to know about Doug Jones, the Democrat who just won a US Senate seat in deep-red Alabama https://t.co/wdqrPir9vE",0.5719,0.163,0.837,0.0,28
228,CNN,Wed Dec 13 03:32:08 +0000 2017,"Democrat Doug Jones will win the Senate special election in Alabama, CNN projects, in a defeat for Republican Roy M‚Ä¶ https://t.co/3UFnSd8EYR",0.5423,0.245,0.642,0.113,29
229,CNN,Wed Dec 13 03:29:34 +0000 2017,"This ancient penguin was about 5'10"" and weighed more than 200 pounds, partial skeletal remains suggest‚Ä¶ https://t.co/TVXvrHCKMj",0.0,0.0,1.0,0.0,30
230,CNN,Wed Dec 13 03:29:24 +0000 2017,"BREAKING: Democrat Doug Jones will win the Senate special election in Alabama, CNN projects https://t.co/BARA8oQvDR https://t.co/VOqjO8c9BY",0.7579,0.317,0.683,0.0,31
231,CNN,Wed Dec 13 03:19:52 +0000 2017,"The chief election official for Jefferson County, which includes Birmingham, tells CNN that Democrat Doug Jones cur‚Ä¶ https://t.co/INJQh9dyXu",0.0,0.0,1.0,0.0,32
232,CNN,Wed Dec 13 03:17:52 +0000 2017,80 photographs spanning 150 years chronicle the evolution of the American family in a new exhibition in Boston‚Ä¶ https://t.co/HTPS5yt7eV,0.0,0.0,1.0,0.0,33
233,CNN,Wed Dec 13 03:12:02 +0000 2017,"Lindsey Vonn: My eyes have been opened to ""how divided we are"" https://t.co/JGfaf2U7Ka https://t.co/2UPiuAuHFJ",0.0,0.0,1.0,0.0,34
234,CNN,Wed Dec 13 03:06:24 +0000 2017,"This senator calls President Trump a misogynist, an admitted sexual predator, and a liar https://t.co/oOw3ZpKxY7 https://t.co/FruKGe9yKj",-0.4404,0.084,0.719,0.198,35
235,CNN,Wed Dec 13 03:03:17 +0000 2017,The Alabama Senate race is too close to call https://t.co/N5H7hNkunH https://t.co/9Mq8ZQ8qMo,0.0,0.0,1.0,0.0,36
236,CNN,Wed Dec 13 02:55:41 +0000 2017,Roy Moore‚Äôs campaign spokesman says Muslims shouldn‚Äôt be in US Congress because they have to swear on the Bible. He‚Ä¶ https://t.co/RB4EsdthqG,-0.0516,0.0,0.943,0.057,37
237,CNN,Wed Dec 13 02:53:34 +0000 2017,A series of text messages exchanged between top FBI employees that were critical of then-presidential candidate Don‚Ä¶ https://t.co/L9ZE9CxSok,-0.128,0.094,0.785,0.12,38
238,CNN,Wed Dec 13 02:47:26 +0000 2017,"Approximately 50 foreign ISIS fighters have been captured in Syria and Iraq since the start of November, a US milit‚Ä¶ https://t.co/Z4F9H4VovF",-0.0516,0.0,0.941,0.059,39
239,CNN,Wed Dec 13 02:47:06 +0000 2017,59% of the votes are counted in the Alabama Senate race. Follow along for updated results https://t.co/SpT3AX3wQ9 https://t.co/8NfxKCw81V,0.0,0.0,1.0,0.0,40
240,CNN,Wed Dec 13 02:42:00 +0000 2017,"Spirits are high at the Roy Moore victory rally in Montgomery, Alabama, as the GOP candidate arrives.‚Ä¶ https://t.co/Srv4KyAg85",0.0,0.0,1.0,0.0,41
241,CNN,Wed Dec 13 02:41:16 +0000 2017,President Trump winds up to make his final pitch on tax reform to the American people on Wednesday‚Ä¶ https://t.co/d6bFecY3vf,0.0,0.0,1.0,0.0,42
242,CNN,Wed Dec 13 02:35:25 +0000 2017,The Senate election between Democrat Doug Jones and Republican Roy Moore in Alabama is a cliffhanger‚Ä¶ https://t.co/pbayylJ5n9,0.0,0.0,1.0,0.0,43
243,CNN,Wed Dec 13 02:29:35 +0000 2017,"Prince William and Prince Harry walked the red carpet at the European premiere of ""Star Wars: The Last Jedi""‚Ä¶ https://t.co/BWWoF4nUxe",-0.5574,0.0,0.841,0.159,44
244,CNN,Wed Dec 13 02:29:31 +0000 2017,39% of the votes are in for Alabama‚Äôs Senate race. Track the county-by-county results https://t.co/SpT3AX3wQ9 https://t.co/QTQnqbQvzM,0.0,0.0,1.0,0.0,45
245,CNN,Wed Dec 13 02:22:53 +0000 2017,An 11-year-old Tennessee boy recounted to his mother his experience with middle-school bullies. She posted the tear‚Ä¶ https://t.co/tOL55bIgY6,0.0,0.0,1.0,0.0,46
246,CNN,Wed Dec 13 02:22:05 +0000 2017,Where Senate candidates Roy Moore and Doug Jones stand on key issues https://t.co/7vWtSEbZHi https://t.co/j3yhzZWz3a,0.0,0.0,1.0,0.0,47
247,CNN,Wed Dec 13 02:10:20 +0000 2017,"With 12% of the vote in, Republican Roy Moore is leading Democrat Doug Jones 50.6% to 48.1% as Alabama continues to‚Ä¶ https://t.co/b44Ui03ymD",0.0,0.0,1.0,0.0,48
248,CNN,Wed Dec 13 02:00:09 +0000 2017,5 things to watch in the Alabama Senate election https://t.co/ixEjkI5oZY https://t.co/LMzvOiY4QZ,0.0,0.0,1.0,0.0,49
249,CNN,Wed Dec 13 01:55:52 +0000 2017,Perth's residents have long known that their city was a hidden travel gem. Has it become Australia's new capital of‚Ä¶ https://t.co/hAcNNK6Wnh,0.0,0.0,1.0,0.0,50
250,CNN,Wed Dec 13 01:55:31 +0000 2017,"Former GOP Sen. Rick Santorum: ""A lot of people in Alabama voted for Roy Moore with the expectation that the Senate‚Ä¶ https://t.co/bUY2slbGmN",0.0,0.0,1.0,0.0,51
251,CNN,Wed Dec 13 01:43:02 +0000 2017,Christmas trees are in short supply this year. Blame the ghost of recessions past. https://t.co/5Eo4JtbHoq https://t.co/pr5VJWrgnW,-0.5719,0.0,0.749,0.251,52
252,CNN,Wed Dec 13 01:38:55 +0000 2017,Exit polls show a stark gender gap ‚Äî with women across Alabama casting their ballots for voting for Democrat Doug J‚Ä¶ https://t.co/gpGwXdQXoR,0.0,0.0,1.0,0.0,53
253,CNN,Wed Dec 13 01:36:48 +0000 2017,Emily Vedder and her 6-year-old son Caden have scrambled five times to stay out of the path of the Thomas Fire's de‚Ä¶ https://t.co/BUgc1J9Hmc,0.0,0.0,1.0,0.0,54
254,CNN,Wed Dec 13 01:30:18 +0000 2017,"Canada wasn't bluffing.

The country has ditched plans to buy 18 new F/A-18 Super Hornet fighter jets from Boeing a‚Ä¶ https://t.co/s58YxX1DVp",0.6705,0.224,0.776,0.0,55
255,CNN,Wed Dec 13 01:28:26 +0000 2017,1% of the votes are in for Alabama‚Äôs Senate race. Track the county-by-county results https://t.co/SpT3AX3wQ9 https://t.co/5ogkupu4ZG,0.0,0.0,1.0,0.0,56
256,CNN,Wed Dec 13 01:11:26 +0000 2017,Track the county-by-county results and exit polls in the Alabama Senate race as they roll in https://t.co/SpT3AX3wQ9 https://t.co/LHuZfXgwRg,0.0,0.0,1.0,0.0,57
257,CNN,Wed Dec 13 01:04:23 +0000 2017,Two US Navy destroyers involved in deadly collisions this year -- the USS John S. McCain and USS Fitzgerald -- had‚Ä¶ https://t.co/ZcqhfrEmzP,-0.6597,0.0,0.787,0.213,58
258,CNN,Wed Dec 13 01:03:14 +0000 2017,"RT @OutFrontCNN: ""We're not living in a Third World nation with a dictator, so they need to back off"" - Dean Young, Chief Political Strateg‚Ä¶",0.0,0.0,1.0,0.0,59
259,CNN,Wed Dec 13 01:02:19 +0000 2017,"Polls are now closed in Alabama, where voters are electing a new US senator. Follow along for live updates‚Ä¶ https://t.co/nR0Jxp2pds",0.0,0.0,1.0,0.0,60
260,CNN,Wed Dec 13 00:57:51 +0000 2017,"""Regardless of who actually gets the Senate seat, there's already one clear victor in the Alabama Senate race: part‚Ä¶ https://t.co/Q7cno2WhVo",0.3818,0.12,0.88,0.0,61
261,CNN,Wed Dec 13 00:51:53 +0000 2017,"RT @OutFrontCNN: ""For a lot of voters in Alabama...this race is not right versus left, it's about right versus wrong."" - DNC Chairman Tom P‚Ä¶",0.0,0.0,1.0,0.0,62
262,CNN,Wed Dec 13 00:51:29 +0000 2017,The many layers of the Trump-Gillibrand feud https://t.co/EUJiqLUut1 https://t.co/e49wUSiYma,-0.34,0.0,0.769,0.231,63
263,CNN,Wed Dec 13 00:49:33 +0000 2017,Polls are closing soon in Alabama. Follow along for live updates https://t.co/P0ltsDkt2r https://t.co/Pqo1hYXUBJ,0.0,0.0,1.0,0.0,64
264,CNN,Wed Dec 13 00:46:18 +0000 2017,"RT @OutFrontCNN: If Roy Moore wins this evening, Phil Mattingly says the Senate GOP will meet Wednesday morning to discuss - amongst other‚Ä¶",0.5719,0.15,0.85,0.0,65
265,CNN,Wed Dec 13 00:45:01 +0000 2017,As the Trump administration presses the notion that recent terrorist attacks justify significant changes in the leg‚Ä¶ https://t.co/A6xzafSnQu,-0.7783,0.074,0.615,0.311,66
266,CNN,Wed Dec 13 00:35:32 +0000 2017,Donald Trump Jr. asks the House Intelligence Committee to investigate leaks https://t.co/aTA8HO3sG1 https://t.co/udzmZJIc50,0.4767,0.205,0.795,0.0,67
267,CNN,Wed Dec 13 00:35:24 +0000 2017,How to watch the Alabama special election results https://t.co/97ArZWVYQj https://t.co/Nzt5ID05A6,0.4019,0.231,0.769,0.0,68
268,CNN,Wed Dec 13 00:27:22 +0000 2017,RT @OutFrontCNN: Former Hillary Clinton campaign manager Robby Mook says the Alabama special election can be predicted and understood by kn‚Ä¶,0.4019,0.119,0.881,0.0,69
269,CNN,Wed Dec 13 00:20:04 +0000 2017,Aetna says it will try to fight the opioid crisis by waiving anti-overdose drug co-pays and limiting first-time opi‚Ä¶ https://t.co/U8Ol4XDdwh,-0.7717,0.0,0.729,0.271,70
270,CNN,Wed Dec 13 00:13:57 +0000 2017,The White House qualifies President Trump's false claim that he doesn't know his accusers https://t.co/sjW6YBK5xP https://t.co/sKVdyPckNy,0.0,0.0,1.0,0.0,71
271,CNN,Wed Dec 13 00:07:43 +0000 2017,The Alabama Senate race in 280 characters https://t.co/kK0dCYiBlK via @CNNOpinion https://t.co/2GslC3iYfG,0.0,0.0,1.0,0.0,72
272,CNN,Tue Dec 12 23:54:52 +0000 2017,An absolutely insane exchange between Jake Tapper and a Roy Moore spokesman | Analysis by CNN's Chris Cillizza‚Ä¶ https://t.co/ChdD1EeAHE,-0.4576,0.0,0.842,0.158,73
273,CNN,Tue Dec 12 23:50:25 +0000 2017,'Star Wars: The Last Jedi' tickets have outsold any other movie on Fandango this year https://t.co/CISzxe1UTz https://t.co/OSEvCbnazO,-0.5574,0.0,0.816,0.184,74
274,CNN,Tue Dec 12 23:44:11 +0000 2017,"The Nintendo Switch -- one part mobile, one part home console -- sold 10 million units since its launch less than a‚Ä¶ https://t.co/xfU6M3VaHv",0.0,0.0,1.0,0.0,75
275,CNN,Tue Dec 12 23:38:08 +0000 2017,These officers took down the New York pipe bomb suspect https://t.co/FbSsCpPyo1 https://t.co/dIkv6cDqkb,-0.6597,0.0,0.649,0.351,76
276,CNN,Tue Dec 12 23:26:05 +0000 2017,Secretary of State Rex Tillerson says the US will no longer demand that North Korea give up its nuclear weapons in‚Ä¶ https://t.co/ekfdXgmSCi,-0.6808,0.0,0.742,0.258,77
277,CNN,Tue Dec 12 23:21:05 +0000 2017,President Trump's lawyer said he believes a special counsel should be appointed to investigate a Justice Department‚Ä¶ https://t.co/lw3oV4DUwU,0.7269,0.303,0.697,0.0,78
278,CNN,Tue Dec 12 23:16:03 +0000 2017,Senate Majority Leader Mitch McConnell is still confident there will be an ethics investigation if Roy Moore wins t‚Ä¶ https://t.co/Sb32wxr27D,0.7845,0.277,0.723,0.0,79
279,CNN,Tue Dec 12 23:08:10 +0000 2017,5 things to watch in Alabama's special election https://t.co/5zFqnkOo8Z https://t.co/Nd88Ll0vaT,0.4019,0.252,0.748,0.0,80
280,CNN,Tue Dec 12 23:05:44 +0000 2017,The winner of the Alabama special election may not take office until 2018 https://t.co/g8BOBR3XOe https://t.co/n1PuRsfNvH,0.7579,0.333,0.667,0.0,81
281,CNN,Tue Dec 12 23:03:05 +0000 2017,RT @CNNPolitics: Roy Moore and Doug Jones vote in Alabama's Senate election https://t.co/55y9xTkOWx https://t.co/aDpsW9eFoe,0.0,0.0,1.0,0.0,82
282,CNN,Tue Dec 12 23:00:35 +0000 2017,"Rex Tillerson's end-of-year verdict: Diplomacy is a ""hard job"" https://t.co/WUP3Wbhno2 https://t.co/TmIzoogDkJ",0.0516,0.145,0.727,0.127,83
283,CNN,Tue Dec 12 22:58:35 +0000 2017,RT @TheLeadCNN: President Trump tweeted the allegations against him are ‚Äúfabricated stories‚Äù from women who he has ‚Äúnever met.‚Äù This is pro‚Ä¶,0.0,0.0,1.0,0.0,84
284,CNN,Tue Dec 12 22:43:22 +0000 2017,Alabama voters are casting their ballots today as the nation watches their US Senate election between Republican Ro‚Ä¶ https://t.co/VeY1qPvCJd,0.0,0.0,1.0,0.0,85
285,CNN,Tue Dec 12 22:26:49 +0000 2017,"SpaceX is sending barley seeds on a round trip mission to space in the name of better beer, as part of a research p‚Ä¶ https://t.co/JEbSKZXWdX",0.4404,0.116,0.884,0.0,86
286,CNN,Tue Dec 12 22:18:53 +0000 2017,Roy Moore campaign spokesman responds with silence when asked if he knew people can be sworn in with a text other t‚Ä¶ https://t.co/ekZcFVVweG,0.0,0.0,1.0,0.0,87
287,CNN,Tue Dec 12 22:12:51 +0000 2017,Roy Moore campaign spokesman says Muslims shouldn't be in US Congress because they have to swear on the Bible.‚Ä¶ https://t.co/JmQsezAC98,-0.0516,0.0,0.941,0.059,88
288,CNN,Tue Dec 12 22:09:16 +0000 2017,"Twitter is hosting an event next month that will feature only high-profile female speakers, in what the company say‚Ä¶ https://t.co/T81Yv7ppgT",0.0,0.0,1.0,0.0,89
289,CNN,Tue Dec 12 21:52:59 +0000 2017,"Does Roy Moore think that homosexual conduct should be illegal? 

Roy Moore campaign spokesman: ‚ÄúProbably.‚Äù‚Ä¶ https://t.co/P0e17zjYuq",-0.5574,0.0,0.806,0.194,90
290,CNN,Tue Dec 12 21:51:16 +0000 2017,"Former White House press secretary Sean Spicer is writing a book to ""set the record straight"" about what he says ha‚Ä¶ https://t.co/F72sTSmZWN",0.2263,0.087,0.913,0.0,91
291,CNN,Tue Dec 12 21:49:12 +0000 2017,"RT @CNNPolitics: Roy Moore's campaign spokesman on Moore's 2005 comments saying homosexuality should be illegal: ""Homosexuality is a sin in‚Ä¶",-0.802,0.0,0.702,0.298,92
292,CNN,Tue Dec 12 21:33:25 +0000 2017,"Condoleezza Rice on the Alabama special election: ""Reject bigotry, sexism, and intolerance"" https://t.co/1IoLzzZAD3 https://t.co/yTg6GZDKOA",0.0,0.155,0.69,0.155,93
293,CNN,Tue Dec 12 21:15:44 +0000 2017,"This ancient penguin was about 5'10"" and weighed more than 200 pounds, partial skeletal remains suggest‚Ä¶ https://t.co/lDSjtpLHUl",0.0,0.0,1.0,0.0,94
294,CNN,Tue Dec 12 21:12:15 +0000 2017,RT @CNNPolitics: Roy Moore rides a horse to the polls ‚Äî again https://t.co/15RZ862nyt https://t.co/VoIeJOEhGX,0.0,0.0,1.0,0.0,95
295,CNN,Tue Dec 12 20:58:41 +0000 2017,General Electric has tried to get to the bottom of why former CEO Jeff Immelt was escorted around the world by a sp‚Ä¶ https://t.co/LxG4qUmb4b,0.0,0.0,1.0,0.0,96
296,CNN,Tue Dec 12 20:55:30 +0000 2017,"RT @CNNPolitics: Sanders on President Trump's tweet that he doesn't know his accusers: ""The President was referencing the three individuals‚Ä¶",0.0,0.0,1.0,0.0,97
297,CNN,Tue Dec 12 20:54:05 +0000 2017,"White House denies that President Trump's tweet about Sen. Gillibrand contained sexual innuendo: ""Only if your mind‚Ä¶ https://t.co/uZofRRfsX3",-0.4215,0.0,0.859,0.141,98
298,CNN,Tue Dec 12 20:53:06 +0000 2017,House Democratic Leader Nancy Pelosi backed a call from fellow female lawmakers to investigate allegations of sexua‚Ä¶ https://t.co/CbVJusGNNH,0.0258,0.064,0.936,0.0,99
299,CNN,Tue Dec 12 20:47:38 +0000 2017,The number two House Democrat called for an ethics investigation into a Nevada Democrat accused of sexual harassmen‚Ä¶ https://t.co/gJJ1FiYEKr,-0.2263,0.067,0.821,0.113,100
300,Fox,Wed Dec 13 05:08:38 +0000 2017,"I got pretty tired of hearing excuses about why there is no diversity in conference lineups, no diverse writer pool‚Ä¶ https://t.co/5ZMsfEh0Td",-0.4767,0.121,0.604,0.275,1
301,Fox,Wed Dec 13 03:26:57 +0000 2017,"RT @sarahmei: Yep. If you want a more diverse speaker base, you _must_ work on supporting folks with those complicating factors. https://t.‚Ä¶",0.6597,0.262,0.738,0.0,2
302,Fox,Wed Dec 13 01:02:50 +0000 2017,@codelikeagirlau I‚Äôve just reached out to you about spreading the word about @jsconfau/@cssconfau Scholarship Progr‚Ä¶ https://t.co/rlCceQcSVP,0.1027,0.085,0.915,0.0,3
303,Fox,Wed Dec 13 00:47:29 +0000 2017,RT @scale_investors: Nearly 80% of female tech founders have experienced sexual harassment at work or know someone who has. https://t.co/pF‚Ä¶,-0.5423,0.0,0.844,0.156,4
304,Fox,Wed Dec 13 00:31:49 +0000 2017,This is great. We need to disassociate alcohol from being a requirement for networking and social gatherings. Well‚Ä¶ https://t.co/CU4zJGr393,0.6249,0.194,0.806,0.0,5
305,Fox,Wed Dec 13 00:30:07 +0000 2017,For excellent takes on diversity and inclusion check #AtlanticInclusion.,0.5719,0.316,0.684,0.0,6
306,Fox,Wed Dec 13 00:27:07 +0000 2017,"RT @TeklaPerry: ""The myth of the meritocracy [in tech] is insidious, people want to believe that the best will rise to the top, and people‚Ä¶",0.7845,0.298,0.702,0.0,7
307,Fox,Wed Dec 13 00:26:24 +0000 2017,"RT @katgordon: ‚ÄúI felt it was hypocritical that tech is an industry built on data, yet didn‚Äôt track its own data on diversity.‚Äù @tracychou‚Ä¶",-0.4588,0.0,0.885,0.115,8
308,Fox,Wed Dec 13 00:25:41 +0000 2017,RT @mjmichellekim: ‚ÄúWe need white people with money to relinquish a little bit of power.‚Äù @mkfoxdc giving me all the life right now thank y‚Ä¶,0.5994,0.182,0.818,0.0,9
309,Fox,Tue Dec 12 23:03:00 +0000 2017,"I‚Äôm making a list of ladies, people of colour, people with disabilities and all kinds of other underrepresented ind‚Ä¶ https://t.co/zsdgG12WnH",0.0,0.0,1.0,0.0,10
310,Fox,Tue Dec 12 23:00:29 +0000 2017,@ctrlaltjustine one day I‚Äôll understand this unit üå∫,0.0,0.0,1.0,0.0,11
311,Fox,Tue Dec 12 06:50:37 +0000 2017,"RT @caseorganic: We touch our phones 2,617 times a day. Heavy users 5,427 times a day. https://t.co/QhKpeU5HwG Worth remembering. https://t‚Ä¶",0.2263,0.101,0.899,0.0,12
312,Fox,Tue Dec 12 05:15:34 +0000 2017,Back behind my camera ‚ù§Ô∏è üì∏ https://t.co/mXcDY3r1vr,0.0,0.0,1.0,0.0,13
313,Fox,Tue Dec 12 05:11:48 +0000 2017,@danrubin omg,0.0,0.0,1.0,0.0,14
314,Fox,Tue Dec 12 05:01:14 +0000 2017,"Just sent ‚Ññ14 of @perfemail featuring a few rad lady performance engineers! Thank you @notwaldorf, @linclark,‚Ä¶ https://t.co/YGhF6ROeku",0.4199,0.157,0.843,0.0,15
315,Fox,Tue Dec 12 04:19:03 +0000 2017,@butwhoiskat def not wasting my time for assholes üòÇ,-0.3699,0.187,0.498,0.315,16
316,Fox,Tue Dec 12 04:08:38 +0000 2017,"I love how some responses are white men or reverse-racism outrage. 

https://t.co/B2RGMmUeR3",0.2263,0.255,0.545,0.2,17
317,Fox,Tue Dec 12 02:42:47 +0000 2017,The work of @ashedryden proves massive budgets aren‚Äôt necessary to create an inclusive environment. All you need is‚Ä¶ https://t.co/fLWar32tEl,0.2732,0.104,0.896,0.0,18
318,Fox,Tue Dec 12 02:36:01 +0000 2017,"If you like cooking, healthy eating and salads like I do, I strongly recommend this book. I‚Äôve been using it everyd‚Ä¶ https://t.co/guxthsSQVu",0.8834,0.451,0.549,0.0,19
319,Fox,Tue Dec 12 01:44:51 +0000 2017,"@sergeyche @webperf I don‚Äôt have any lists handy. You can do research and create one though, just as I would if I sat down to create one.",0.4939,0.16,0.84,0.0,20
320,Fox,Tue Dec 12 00:32:22 +0000 2017,@KimCrayton1 I try my best as I recognise that I‚Äôm on top of the food chain as far as underrepresented groups go. I‚Ä¶ https://t.co/65snx0mxz1,0.7184,0.231,0.769,0.0,21
321,Fox,Tue Dec 12 00:26:44 +0000 2017,My tolerance for being complicit and inclusion apologetics: below zero. https://t.co/vAGQuOc8v5,0.296,0.18,0.82,0.0,22
322,Fox,Tue Dec 12 00:23:43 +0000 2017,"@KimCrayton1 thank you, Kim!",0.4199,0.482,0.518,0.0,23
323,Fox,Mon Dec 11 22:04:53 +0000 2017,Don‚Äôt expect underrepresented groups to ‚Äúshow up‚Äù. They‚Äôre already dealing with a great overhead of proving themsel‚Ä¶ https://t.co/wpQzwFQkpC,0.6249,0.204,0.796,0.0,24
324,Fox,Mon Dec 11 22:02:24 +0000 2017,"Citing lack of time or ‚Äúour Call was open!‚Äù as an excuse for being complicit in exclusionary tech culture. 

We nee‚Ä¶ https://t.co/FJkWQSnAce",-0.3164,0.054,0.837,0.108,25
325,Fox,Mon Dec 11 22:00:35 +0000 2017,It doesn‚Äôt really take a tremendous amount of work to be a little more welcoming. But it does require *prioritising‚Ä¶ https://t.co/hEQPnWYqIy,0.4432,0.139,0.861,0.0,26
326,Fox,Mon Dec 11 21:59:22 +0000 2017,"It‚Äôs not enough to send some tweets. Reach out has to be deliberate, proactive and ongoing. 

There are plenty of l‚Ä¶ https://t.co/6vmh5DKaBh",0.4404,0.163,0.837,0.0,27
327,Fox,Mon Dec 11 21:56:39 +0000 2017,"If there are no underrepresented groups participating in an event or initiative, it‚Äôs usually a sign of poor reach‚Ä¶ https://t.co/7I6pIxTZfc",-0.6486,0.0,0.762,0.238,28
328,Fox,Mon Dec 11 21:54:20 +0000 2017,"Apparently, it‚Äôs still expected of women and other underrepresented groups to ‚Äúshow up‚Äù to be included so let me te‚Ä¶ https://t.co/6bYBPrqeul",0.0,0.0,1.0,0.0,29
329,Fox,Mon Dec 11 21:50:03 +0000 2017,"@jennschiffer This tweet is too real, too funny but also too sad.",-0.4939,0.121,0.621,0.258,30
330,Fox,Mon Dec 11 21:47:33 +0000 2017,@bluesmoon @tameverts @sergeyche @perfplanet @stoyanstefanov @estellevw I‚Äôve single-handedly emailed 50 potential s‚Ä¶ https://t.co/zSfm2fw9jt,0.0,0.0,1.0,0.0,31
331,Fox,Mon Dec 11 21:43:02 +0000 2017,"@HenriHelvetica @okor @hdjirdeh @bbinto @soniaburney @sabrina_burney Wow, thank you for all of these awesome recommendations! üíñ",0.8932,0.471,0.529,0.0,32
332,Fox,Mon Dec 11 21:42:09 +0000 2017,"@tbaldauf @busrakoken @polinapok1 @ivanapetrovicme @trivago_tech Wow, thank you! I‚Äôll have a look!",0.7835,0.433,0.567,0.0,33
333,Fox,Mon Dec 11 21:41:35 +0000 2017,"@bluesmoon @tameverts @sergeyche @perfplanet @stoyanstefanov @estellevw it‚Äôs not about me :) 

We do active reach o‚Ä¶ https://t.co/yLbHe319Fy",0.0823,0.187,0.69,0.122,34
334,Fox,Mon Dec 11 20:06:13 +0000 2017,"@tameverts @sergeyche @perfplanet @stoyanstefanov @estellevw I didn‚Äôt see any calls. Same as with conferences, the‚Ä¶ https://t.co/ETQMa7hb3o",0.0,0.0,1.0,0.0,35
335,Fox,Mon Dec 11 10:34:55 +0000 2017,@fhinkel General performance is good too! Bookmarked üòá,0.4926,0.347,0.653,0.0,36
336,Fox,Mon Dec 11 04:11:08 +0000 2017,"RT @linclark: Reminder of how much some dudes in this industry hate women. 

This comment is on my Quantum article, the 20th most upvoted p‚Ä¶",-0.5719,0.0,0.866,0.134,37
337,Fox,Mon Dec 11 02:41:34 +0000 2017,"Finally got a chance to give CSS Grid a go. The specification seemed intimidating and complex, but holy moly, it‚Äôs‚Ä¶ https://t.co/VKVyK8M94k",-0.1154,0.073,0.831,0.095,38
338,Fox,Mon Dec 11 02:00:22 +0000 2017,"I do like the idea of a performance calendar (@perfplanet), but‚Ä¶ there isn‚Äôt a single woman there. üòì

Seriously, wo‚Ä¶ https://t.co/t2drKx5mlP",0.2023,0.13,0.781,0.089,39
339,Fox,Mon Dec 11 01:56:43 +0000 2017,Me at white men getting sad about ‚Äúfeeling excluded‚Äù: https://t.co/yGo2pThBeJ,-0.4767,0.0,0.744,0.256,40
340,Fox,Mon Dec 11 01:51:01 +0000 2017,"@linclark omg, queueing all of this üíñ",0.0,0.0,1.0,0.0,41
341,Fox,Mon Dec 11 01:38:27 +0000 2017,"@evanderkoogh I just don‚Äôt go. Also, it‚Äôs fairly easy to find out where people work and drop a friendly line to the‚Ä¶ https://t.co/jMYh1IMoRl",0.6124,0.233,0.687,0.08,42
342,Fox,Mon Dec 11 01:28:36 +0000 2017,@linclark @perfemail üôèüèª thank you!,0.4199,0.411,0.589,0.0,43
343,Fox,Mon Dec 11 01:18:48 +0000 2017,"Seems like we have James Damore fans in Melbourne too! 

Also, leave my mentions mate. https://t.co/cSVWeXMp3m",0.3802,0.155,0.778,0.067,44
344,Fox,Mon Dec 11 00:59:29 +0000 2017,"RT @maybekatz: Thank you for everything, @ashedryden -- you showed us that these spaces are possible and have steadily elevated the standar‚Ä¶",0.3612,0.106,0.894,0.0,45
345,Fox,Sun Dec 10 23:55:24 +0000 2017,"Are you a woman and/or a person of color writing about web performance? I‚Äôd love to feature you in @perfemail. 

Ping me with your articles!",0.6696,0.17,0.83,0.0,46
346,Fox,Sun Dec 10 21:39:31 +0000 2017,"RT @EvyKassirer: Being aware of power dynamics in code reviews and feedback.

""You should be fostering debate, not making demands""

#AlterC‚Ä¶",0.2732,0.095,0.905,0.0,47
347,Fox,Sun Dec 10 02:13:44 +0000 2017,"If you‚Äôve ever thought ‚Äúwow, this is the most screwed up thing I‚Äôve ever heard‚Äù, you‚Äôll soon be surprised by anothe‚Ä¶ https://t.co/I5zBp2bjWe",-0.3804,0.075,0.788,0.138,48
348,Fox,Sat Dec 09 22:35:05 +0000 2017,RT @scribblingfox: QUICK BEAUTY TIP FOR LADIES: Decrease fine lines and under eye bags by not doing emotional labor for men today.,0.7086,0.237,0.71,0.054,49
349,Fox,Sat Dec 09 22:32:08 +0000 2017,"RT @Una: Observations of my friends interviewing w/multiple offers:

Men be like: ""I got X offer from Y company, and I'm going to need you‚Ä¶",0.6808,0.211,0.789,0.0,50
350,Fox,Sat Dec 09 07:07:23 +0000 2017,@cesidio thank you! That‚Äôs very kind üòä,0.7569,0.619,0.381,0.0,51
351,Fox,Fri Dec 08 05:21:13 +0000 2017,RT @EricaJoy: We have not been silent. You have not been listening.,0.0,0.0,1.0,0.0,52
352,Fox,Fri Dec 08 03:42:40 +0000 2017,"RT @marazepeda: Patreon has raised $100MM
Kickstarter has raised $10MM
The Business Model is The Message https://t.co/Kz0k5jI7zY https://t.‚Ä¶",0.0,0.0,1.0,0.0,53
353,Fox,Fri Dec 08 03:41:58 +0000 2017,RT @notwaldorf: Hot take: the major difference between junior and senior developers is the confidence that you know where to find the code‚Ä¶,0.5106,0.13,0.87,0.0,54
354,Fox,Fri Dec 08 01:56:22 +0000 2017,"@mikeal Agree. I definitely wouldn‚Äôt treat it as a wage. For me, it‚Äôs a small payoff for the work I have been doing‚Ä¶ https://t.co/lAcuviGh5J",0.7845,0.317,0.683,0.0,55
355,Fox,Fri Dec 08 01:51:28 +0000 2017,"@mikeal Yeah, I agree it‚Äôs tricky, although I find it interesting to see the earnings spread because I did get an i‚Ä¶ https://t.co/9mjqzbo0dB",0.7003,0.296,0.64,0.064,56
356,Fox,Fri Dec 08 01:43:19 +0000 2017,"Only 2% of Patreon creators who earn more than the federal minimum wage through the site, according to public earni‚Ä¶ https://t.co/IAeu1BxABm",0.0,0.0,1.0,0.0,57
357,Fox,Fri Dec 08 01:37:16 +0000 2017,"RT @Sareh88: Communication is more important than the code you write.
Communication is more important than the code you write.
Communicatio‚Ä¶",0.4915,0.181,0.819,0.0,58
358,Fox,Fri Dec 08 00:04:17 +0000 2017,@MlleLicious I think I have to scale it back though. My technical career has been neglected for many reasons for to‚Ä¶ https://t.co/e268NK1XJe,-0.5267,0.0,0.848,0.152,59
359,Fox,Thu Dec 07 23:59:25 +0000 2017,"A few months ago I was energised about a variety of D&amp;I initiatives of mine, now I‚Äôm just tired and Patreon is push‚Ä¶ https://t.co/L3l8pw6PIv",0.0516,0.124,0.76,0.116,60
360,Fox,Thu Dec 07 20:55:03 +0000 2017,"Daily reminder: overthrow the patriarchy.

üòé",0.0,0.0,1.0,0.0,61
361,Fox,Thu Dec 07 09:45:12 +0000 2017,RT @kamilah: He has some damn nerve https://t.co/YjqDBMjIjG,-0.4019,0.0,0.722,0.278,62
362,Fox,Thu Dec 07 09:42:46 +0000 2017,RT @yassmin_a: I don‚Äôt know if it is my place to say this on a day of celebration... but those who enabled the kind of debate we saw should‚Ä¶,0.0,0.0,1.0,0.0,63
363,Fox,Thu Dec 07 08:44:32 +0000 2017,What a great day‚Äîsame sex marriage bill passes in Australian parliament! üè≥Ô∏è‚Äçüåà‚ù§Ô∏è https://t.co/O2abqYPwOL,0.6588,0.285,0.715,0.0,64
364,Fox,Thu Dec 07 06:05:15 +0000 2017,"RT @LailaLalami: Woman reports a predator anonymously.
""Anonymous accusations aren't credible!""
Woman reports under her name.
""She just wan‚Ä¶",-0.3802,0.0,0.868,0.132,65
365,Fox,Thu Dec 07 03:54:11 +0000 2017,"I too have encountered abusive, harassive CEOs, and the situation was the same‚Äîit‚Äôd be impossible to report without‚Ä¶ https://t.co/I39d3fMbrG",-0.6369,0.0,0.802,0.198,66
366,Fox,Thu Dec 07 03:20:02 +0000 2017,"While I think this is a good thing, I also believe many whistleblowers were missed, especially those in the tech in‚Ä¶ https://t.co/xk06TIegU1",0.1779,0.131,0.769,0.1,67
367,Fox,Thu Dec 07 03:17:48 +0000 2017,Time person of the year: women blowing the whistle on sexual harassment and abuse. https://t.co/Jw2tIDw3mH,-0.8271,0.0,0.628,0.372,68
368,Fox,Thu Dec 07 03:14:16 +0000 2017,"I don‚Äôt know about you, but I‚Äôm loving the reckoning abusive white men are facing right now. Their time is over.",-0.1154,0.184,0.617,0.199,69
369,Fox,Thu Dec 07 03:08:48 +0000 2017,"RT @kieczkowska: üëã Dear Twitterverse üëã 
I'm looking for an internship in cyber security or forensics for summer 2018 (am available June, Ju‚Ä¶",0.6124,0.208,0.792,0.0,70
370,Fox,Thu Dec 07 03:07:44 +0000 2017,"RT @ekp: I've been trying to figure out how to express my support for more activists, and @Luvvie had all the right words https://t.co/zR6T‚Ä¶",0.4019,0.105,0.895,0.0,71
371,Fox,Thu Dec 07 01:44:19 +0000 2017,The silence from @StartupVic only confirms the exclusionary ecosystem of Australian tech community ‚Äúleaders‚Äù. https://t.co/koJDqJSz8Y,0.0,0.0,1.0,0.0,72
372,Fox,Thu Dec 07 00:51:22 +0000 2017,"RT @milanmoffatt: shortest type lesson on the internet: 
‚úèÔ∏è web type should be 60 characters in width max
üî§ a general rule for line-height‚Ä¶",0.0,0.0,1.0,0.0,73
373,Fox,Thu Dec 07 00:03:19 +0000 2017,It‚Äôs saddening to see such significant fee changes in @patreon. It excludes patrons who are willing or can only aff‚Ä¶ https://t.co/6hChADtrLR,-0.34,0.075,0.792,0.133,74
374,Fox,Wed Dec 06 23:54:00 +0000 2017,"RT @ashleyn1cole: The news: Men are starting to fear and question if their every little interaction will be seen as flirting. 
Me: Men are‚Ä¶",-0.34,0.067,0.815,0.119,75
375,Fox,Wed Dec 06 04:45:42 +0000 2017,"@karlbright naah, I love my cameras. Still use Canon + Fuji XT1 heavily, for ‚Äúreal‚Äù photography. I do want the X th‚Ä¶ https://t.co/2IF1P3sq3q",0.6705,0.244,0.756,0.0,76
376,Fox,Wed Dec 06 04:41:08 +0000 2017,"@cramforce In this particular case, it‚Äôs a mixed approach with no transparency with the process that creates a prec‚Ä¶ https://t.co/6IkuEkHgR1",-0.0258,0.103,0.788,0.108,77
377,Fox,Wed Dec 06 04:40:22 +0000 2017,"@superhighfives @benschwarz thanks Charlie, so nice of you my wrinkles already grew bigger üòÇ",0.7178,0.353,0.647,0.0,78
378,Fox,Wed Dec 06 04:39:58 +0000 2017,"@cramforce I‚Äôm 100% fine with curated lineups, but I have a problem with lack of transparency and exclusionary tend‚Ä¶ https://t.co/SmeCn2LYlH",-0.7269,0.061,0.655,0.284,79
379,Fox,Wed Dec 06 04:37:49 +0000 2017,@chelsea thank you üíñüòò,0.3612,0.455,0.545,0.0,80
380,Fox,Wed Dec 06 03:38:32 +0000 2017,@karlbright Canon EOS 6D. I‚Äôm still on an old iPhone 6 :),0.4588,0.231,0.769,0.0,81
381,Fox,Tue Dec 05 11:54:36 +0000 2017,"Turned 30 today.

‚úÖ drove a convertible
‚úÖ seen a wild koala
‚úÖ had an amazing meal
‚úÖ hiked a bunch

All thanks to‚Ä¶ https://t.co/E7qhZ9u1VZ",0.7717,0.295,0.705,0.0,82
382,Fox,Tue Dec 05 03:40:31 +0000 2017,@ctrlaltjustine üòòüòòüòòüòòüòò,0.0,0.0,1.0,0.0,83
383,Fox,Tue Dec 05 03:33:12 +0000 2017,@SachaGreif hi at thefox.is,0.0,0.0,1.0,0.0,84
384,Fox,Tue Dec 05 00:15:23 +0000 2017,"@sailorhg You‚Äôve made it, congratulations üíÖüèª

I‚Äôll never hear it no matter what I do üò≠",0.7085,0.385,0.615,0.0,85
385,Fox,Mon Dec 04 23:29:18 +0000 2017,"@cckate üëã Thank you!

It was a list of diversity and inclusion activists I look up to. You can find it here :) https://t.co/EQ8D4HtcOj",0.6996,0.234,0.766,0.0,86
386,Fox,Mon Dec 04 22:19:09 +0000 2017,"I don‚Äôt trust events doing this unless there‚Äôs a very transparent process in place, establishing fairness and equal‚Ä¶ https://t.co/M084AitSnK",0.5106,0.171,0.829,0.0,87
387,Fox,Mon Dec 04 22:17:33 +0000 2017,"Furthermore, when conferences invite the same people over and over, it perpetuates cliquey nature of the tech community. It‚Äôs exclusionary.",0.1531,0.078,0.922,0.0,88
388,Fox,Mon Dec 04 22:15:59 +0000 2017,"Secondly, how can anyone trust the selection process to be fair if initial choices were apparently made based on ma‚Ä¶ https://t.co/5KyHkvNAUi",0.6808,0.228,0.772,0.0,89
389,Fox,Mon Dec 04 22:14:19 +0000 2017,"Firstly, showcasing a bunch of famous names doesn‚Äôt encourage underrepresented groups or anyone without prominence‚Ä¶ https://t.co/ZywFPvKM3y",0.5106,0.191,0.809,0.0,90
390,Fox,Mon Dec 04 22:11:36 +0000 2017,Here‚Äôs a problem I have with conferences which announce partial lineups full of ‚Äúprominent‚Äù speakers and run Call f‚Ä¶ https://t.co/ifTro36ncs,-0.4019,0.0,0.863,0.137,91
391,Fox,Mon Dec 04 21:52:48 +0000 2017,"That makes me wonder. Are @startupvic supporters having those views as well, since nobody seems to be challenging t‚Ä¶ https://t.co/qpAIX9iZPr",0.6808,0.28,0.72,0.0,92
392,Fox,Mon Dec 04 21:36:35 +0000 2017,".@StartupVic, care to explain why your chair endorses an article agreeing that James Damores‚Äô manifesto was a produ‚Ä¶ https://t.co/duyHb5CzKY",0.7906,0.348,0.652,0.0,93
393,Fox,Mon Dec 04 21:23:41 +0000 2017,"RT @Asher_Wolf: Why is the Chair of @StartUpVic tweeting an article that claims James Damore's memo was an attempt at a ""respectful and pro‚Ä¶",0.4588,0.12,0.88,0.0,94
394,Fox,Mon Dec 04 21:03:48 +0000 2017,A timely comment on abusive behaviours online: the Internet is great at remembering things in perpetuity.,-0.0258,0.192,0.61,0.197,95
395,Fox,Mon Dec 04 20:04:25 +0000 2017,RT @stephpalmeri: The Cost of Devaluing Women - must read from @SallieKrawcheck in the New York Times https://t.co/CdBJ8rHQT9,0.0,0.0,1.0,0.0,96
396,Fox,Mon Dec 04 19:59:22 +0000 2017,"RT @jensimmons: I think most men don‚Äôt realize the very act of a woman wanting a career, dreaming she should have one, and going off to mak‚Ä¶",0.0,0.0,1.0,0.0,97
397,Fox,Mon Dec 04 09:32:23 +0000 2017,"RT @triketora: Besides, I hate getting called out. It makes me feel bad. As an ally, I shouldn‚Äôt have to feel bad ‚Äì because I‚Äôm an ally. Ge‚Ä¶",-0.8934,0.0,0.673,0.327,98
398,Fox,Mon Dec 04 05:42:35 +0000 2017,"@MylesBorins haha, no worries, happens to the best of us.

It‚Äôs just the sheer volume of proposals not following an‚Ä¶ https://t.co/7KCHju3Xys",0.4939,0.247,0.582,0.171,99
399,Fox,Mon Dec 04 02:52:48 +0000 2017,"@IvanaMcConnell We have a gender free form field but it‚Äôs basically women, men, snarky men trying to be smart and a‚Ä¶ https://t.co/iq5Fztx37F",0.6908,0.231,0.769,0.0,100
400,nytimes,Wed Dec 13 06:28:44 +0000 2017,Op-Ed Contributor: Trump and Bannon Can‚Äôt Save the Day https://t.co/e2xtsuioU2,0.4939,0.262,0.738,0.0,1
401,nytimes,Wed Dec 13 06:27:07 +0000 2017,Doug Jones successfully prosecuted two Ku Klux Klansmen responsible for the bombing of the 16th Street Baptist Chur‚Ä¶ https://t.co/hXW2i8IPiK,0.4404,0.228,0.664,0.108,2
402,nytimes,Wed Dec 13 06:24:37 +0000 2017,"Editorial: Roy Moore Loses, Sanity Reigns https://t.co/dIT9D6q3Q8",-0.3182,0.0,0.723,0.277,3
403,nytimes,Wed Dec 13 06:17:04 +0000 2017,"The New York Times review of ""Star Wars: The Last Jedi"" (The force is strong with this one.) https://t.co/EpQj5Ad58E",-0.0772,0.138,0.711,0.151,4
404,nytimes,Wed Dec 13 05:47:04 +0000 2017,"RT @nytopinion: Good riddance to Roy Moore and the horse he rode in on, says @frankbruni https://t.co/Udln4k8dGa",0.4404,0.153,0.847,0.0,5
405,nytimes,Wed Dec 13 05:39:48 +0000 2017,RT @RichardFausset: Dems in Birmingham right now... https://t.co/IEycSMckZt,0.0,0.0,1.0,0.0,6
406,nytimes,Wed Dec 13 05:28:06 +0000 2017,"Taking the stage over an hour after the AP called the race for Doug Jones, Roy Moore refused to concede and instruc‚Ä¶ https://t.co/DHqOCCCmA8",-0.296,0.0,0.909,0.091,7
407,nytimes,Wed Dec 13 05:27:08 +0000 2017,Belgium‚Äôs Lavish Energy Use Sheds Light on More Than Just Its Roads https://t.co/Zp25kB1HpL,0.2732,0.149,0.851,0.0,8
408,nytimes,Wed Dec 13 05:17:03 +0000 2017,Hacking the tax plan: 13 ways to profit off the Republican tax bill https://t.co/UGEbdxXiIt,0.4404,0.182,0.818,0.0,9
409,nytimes,Wed Dec 13 05:02:06 +0000 2017,Read the full transcript of Doug Jones's speech after winning the Alabama Senate race https://t.co/CtkyiS6Ohz,0.5267,0.195,0.805,0.0,10
410,nytimes,Wed Dec 13 04:53:05 +0000 2017,"RT @FrankBruni: With Roy Moore's well-deserved defeat, Democrats get a huge boost, Trump gets a huge comeuppance and Americans get what we‚Ä¶",0.5106,0.278,0.608,0.114,11
411,nytimes,Wed Dec 13 04:43:03 +0000 2017,Alabama election results https://t.co/Xa330e9r6K,0.0,0.0,1.0,0.0,12
412,nytimes,Wed Dec 13 04:34:49 +0000 2017,RT @alanblinder: Bottom line from Montgomery: Roy Moore is not conceding yet.,0.0,0.0,1.0,0.0,13
413,nytimes,Wed Dec 13 04:30:34 +0000 2017,"RT @alanblinder: This moment at Roy Moore's event in Montgomery: Christian music, seated supporters, eager photographers and, for now, no R‚Ä¶",0.4939,0.211,0.703,0.086,14
414,nytimes,Wed Dec 13 04:28:02 +0000 2017,"RT @nytpolitics: ‚ÄúAt the end of the day, this entire race has been about dignity and respect,"" Doug Jones said during his remarks. ""This ca‚Ä¶",0.4019,0.101,0.899,0.0,15
415,nytimes,Wed Dec 13 04:26:03 +0000 2017,RT @nytpolitics: Doug Jones on winning the Alabama Senate seat: ‚ÄúI have a challenge to my future colleagues in Washington. Don't wait on me‚Ä¶,0.5719,0.183,0.817,0.0,16
416,nytimes,Wed Dec 13 04:14:29 +0000 2017,"‚ÄúIt sends a message not just to America but to the world.‚Äù 
‚ÄîMayor Randall Woodfin of Birmingham on Doug Jones's vi‚Ä¶ https://t.co/AqU3LIDxGN",0.0,0.0,1.0,0.0,17
417,nytimes,Wed Dec 13 04:03:04 +0000 2017,RT @nytgraphics: How @UpshotNYT‚Äôs model estimated the final vote in the Alabama U.S. Senate race throughout the night: https://t.co/JmGjBII‚Ä¶,0.0,0.0,1.0,0.0,18
418,nytimes,Wed Dec 13 03:49:26 +0000 2017,Doug Jones defeated Roy Moore to pull out a rare victory in a staunchly Republican state https://t.co/ay8h3HVaB4,-0.4767,0.0,0.819,0.181,19
419,nytimes,Wed Dec 13 03:28:37 +0000 2017,Breaking News: The Democrat Doug Jones won in Alabama. The upset trims the GOP Senate majority to 1 and is a snub o‚Ä¶ https://t.co/nuBZUSysjo,-0.1779,0.132,0.676,0.192,20
420,nytimes,Wed Dec 13 03:16:06 +0000 2017,Alabama election live results https://t.co/vWLwD7wtYl,0.0,0.0,1.0,0.0,21
421,nytimes,Wed Dec 13 03:03:04 +0000 2017,RT @nytvideo: From Opinion: Could text messages save teenage lives during moments of crisis? https://t.co/T13KvMTQsj https://t.co/K9qX27aaJO,-0.2263,0.15,0.657,0.192,22
422,nytimes,Wed Dec 13 02:47:01 +0000 2017,"For many women, Ken Friedman‚Äôs unwelcome sexual advances were part of the routine at his restaurants, especially th‚Ä¶ https://t.co/wCNdsTZqAp",-0.4019,0.0,0.87,0.13,23
423,nytimes,Wed Dec 13 02:30:05 +0000 2017,The Affordable Care Act is still the law of the land. You have a few days to sign up for 2018 health coverage. Open‚Ä¶ https://t.co/sfuAlv10Sd,0.4939,0.122,0.878,0.0,24
424,nytimes,Wed Dec 13 02:27:02 +0000 2017,"RT @alanblinder: We're still waiting for the first numbers from Shelby County, a Republican stronghold. Here's a recent @jessbidgood report‚Ä¶",0.128,0.081,0.919,0.0,25
425,nytimes,Wed Dec 13 02:17:05 +0000 2017,"RT @jmartNYT: News: Once again, the Moore election night party is carrying the @nytimes results page &gt;&gt; https://t.co/RRQecVtw0F",0.4019,0.137,0.863,0.0,26
426,nytimes,Wed Dec 13 02:02:05 +0000 2017,Alabama election live results https://t.co/mve5TpaXWv,0.0,0.0,1.0,0.0,27
427,nytimes,Wed Dec 13 01:51:05 +0000 2017,Donald Trump Jr. asked the House Intelligence Committee to investigate information that was leaked from his closed‚Ä¶ https://t.co/CMuX2nU89G,0.2023,0.145,0.748,0.107,28
428,nytimes,Wed Dec 13 01:43:10 +0000 2017,"RT @alanblinder: Alabama has had a memorable few years in politics. While we wait for an outcome in the Senate race, here's a meditation fr‚Ä¶",0.0,0.0,1.0,0.0,29
429,nytimes,Wed Dec 13 01:32:03 +0000 2017,Evening Briefing: Here's what you need to know at the end of the day https://t.co/uZYyhFCl42,0.0,0.0,1.0,0.0,30
430,nytimes,Wed Dec 13 01:17:07 +0000 2017,"RT @nytpolitics: To grasp the sheer improbability of the election unfolding in Alabama, consider the improbable ‚Äî and improbably ill-fated‚Ä¶",0.0,0.0,1.0,0.0,31
431,nytimes,Wed Dec 13 01:06:03 +0000 2017,First election results are coming in from Alabama. Follow the vote here. https://t.co/pAAuQcTOJ1,0.0,0.0,1.0,0.0,32
432,nytimes,Wed Dec 13 00:51:03 +0000 2017,"Who will win the Alabama election? Keep this page open for live results when they come in.
https://t.co/Dl5tu9B8p1",0.5859,0.183,0.817,0.0,33
433,nytimes,Wed Dec 13 00:41:57 +0000 2017,RT @nytgraphics: Tonight: Live results and estimates for the U.S. Senate special election in Alabama between Roy Moore and Doug Jones. Poll‚Ä¶,0.4019,0.114,0.886,0.0,34
434,nytimes,Wed Dec 13 00:32:05 +0000 2017,Our reporter @alexburnsNYT goes through all the decisions made by the GOP that led to Alabama's special election https://t.co/bT8D3KSbaX,0.4019,0.13,0.87,0.0,35
435,nytimes,Wed Dec 13 00:17:07 +0000 2017,"RT @nytopinion: As a young Christian woman, raised in Alabama, I'm shocked to see relatives support a credibly-accused sexual predator, all‚Ä¶",0.1027,0.123,0.773,0.105,36
436,nytimes,Wed Dec 13 00:02:05 +0000 2017,"In the Alabama Senate race, a voting hotline is getting calls and complaints from confused voters. Live updates: https://t.co/B9JQAUWNkG",-0.6124,0.0,0.762,0.238,37
437,nytimes,Tue Dec 12 23:51:03 +0000 2017,Evening Briefing: Here's what you need to know at the end of the day https://t.co/9tKuefiwMO,0.0,0.0,1.0,0.0,38
438,nytimes,Tue Dec 12 23:49:22 +0000 2017,@alice_emily üôå @ManohlaDargis https://t.co/wxe2BmBf9w,0.0,0.0,1.0,0.0,39
439,nytimes,Tue Dec 12 23:41:07 +0000 2017,RT @alanblinder: Less than 90 minutes until the polls close here in Alabama. Follow the day's coverage here: https://t.co/CblllOkhlC,0.0,0.0,1.0,0.0,40
440,nytimes,Tue Dec 12 23:36:04 +0000 2017,"Republicans near agreement on a higher corporate tax rate and a lower rate on the wealthiest
https://t.co/2n2LiLDQUX",0.6369,0.311,0.583,0.107,41
441,nytimes,Tue Dec 12 23:23:12 +0000 2017,"Last night's ""choose-your-own-adventure"" thread was so good, @alexburnsNYT had to write an article for it:‚Ä¶ https://t.co/gXHq0RjKgu",0.5777,0.2,0.8,0.0,42
442,nytimes,Tue Dec 12 23:15:16 +0000 2017,One longtime server at the Spotted Pig said Ken Friedman ran his hands over her buttocks and then her groin in a ro‚Ä¶ https://t.co/K2lMj89xH1,0.0,0.0,1.0,0.0,43
443,nytimes,Tue Dec 12 23:02:05 +0000 2017,Paleontologists have found entombed in amber a 99-million year old tick grasping the feather of a dinosaur https://t.co/3whhUqqUyI,0.0,0.0,1.0,0.0,44
444,nytimes,Tue Dec 12 22:59:08 +0000 2017,@digiphile This isn't the account you're looking for. You can go about your business. Move along.,0.0,0.0,1.0,0.0,45
445,nytimes,Tue Dec 12 22:47:02 +0000 2017,"As far back as 1993, dancers have accused Peter Martins, the powerful ballet master in chief, of verbal and physica‚Ä¶ https://t.co/51kHYFiwYl",0.1531,0.117,0.792,0.092,46
446,nytimes,Tue Dec 12 22:30:07 +0000 2017,The problem is not how much TV Trump watches. It‚Äôs the kind of TV he watches. https://t.co/aVFcXzpjiR,-0.4019,0.0,0.856,0.144,47
447,nytimes,Tue Dec 12 22:22:05 +0000 2017,"RT @NYTNational: In the Alabama Senate race, voting rights advocates report scattered complaints and confusion among voters. Here‚Äôs the lat‚Ä¶",-0.5994,0.0,0.786,0.214,48
448,nytimes,Tue Dec 12 22:17:10 +0000 2017,Hacking the tax plan: 13 ways to profit off the Republican tax bill https://t.co/3JZiMBCNSA https://t.co/drI0ShsuGS,0.4404,0.172,0.828,0.0,49
449,nytimes,Tue Dec 12 22:02:10 +0000 2017,"Remind me: Who were the good guys and bad guys in the original ""Star Wars""? https://t.co/4IqGydVLWB https://t.co/eVdhnLKTiv",0.1779,0.229,0.617,0.154,50
450,nytimes,Tue Dec 12 21:45:10 +0000 2017,From @NYTOpinion: Have you experienced domestic violence involving a firearm? We'd like to hear your story. https://t.co/fp1EUHk63V,-0.3818,0.121,0.68,0.199,51
451,nytimes,Tue Dec 12 21:37:05 +0000 2017,"""When is ‚Äúnot telling‚Äù lying?"" That age-old question: How much sexual history should we share? https://t.co/OQsrV2wtWC",0.3736,0.146,0.854,0.0,52
452,nytimes,Tue Dec 12 21:28:03 +0000 2017,RT @Nate_Cohn: NYT Alabama results and model are live https://t.co/U5myLXiB6P,0.0,0.0,1.0,0.0,53
453,nytimes,Tue Dec 12 21:22:06 +0000 2017,"Live Alabama election results: Estimates are based on the results reported so far, the results of the previous elec‚Ä¶ https://t.co/SDyaX9G11q",0.0,0.0,1.0,0.0,54
454,nytimes,Tue Dec 12 21:15:10 +0000 2017,The best pop and jazz albums of 2017 https://t.co/6HJtJSUgu1,0.6369,0.344,0.656,0.0,55
455,nytimes,Tue Dec 12 21:07:06 +0000 2017,"We may covet gem stones for personal adornment and status flashing, but their real power is in their scientific val‚Ä¶ https://t.co/MA6xaauHqV",0.1655,0.076,0.924,0.0,56
456,nytimes,Tue Dec 12 21:00:06 +0000 2017,"‚ÄúJudge Roy Moore called my daughter Patti Sue Mathis a pervert because she was gay,‚Äù his sign said. ‚ÄúA 32-year old‚Ä¶ https://t.co/nnFSdRdPCu",-0.5106,0.0,0.858,0.142,57
457,nytimes,Tue Dec 12 20:52:02 +0000 2017,RT @jmartNYT: A lot of these popping up around Birmingham https://t.co/DQae8mfA0p,0.0,0.0,1.0,0.0,58
458,nytimes,Tue Dec 12 20:45:16 +0000 2017,Affordability is a major draw ‚Äî lift tickets often cost less than half of what the big Western resorts command https://t.co/rwE8ZDvxiT,0.0,0.0,1.0,0.0,59
459,nytimes,Tue Dec 12 20:31:09 +0000 2017,"Maybe your love of ‚ÄúStar Wars‚Äù runs deep. Maybe you're a newbie. We catch you up ahead of ""The Last Jedi.""‚Ä¶ https://t.co/KTVbizwPx2",0.6369,0.174,0.826,0.0,60
460,nytimes,Tue Dec 12 20:20:08 +0000 2017,"What some Spotted Pig employees called an invitation-only space on the 3rd floor of the restaurant, where guests ha‚Ä¶ https://t.co/tc3fBVLlvI",0.0,0.0,1.0,0.0,61
461,nytimes,Tue Dec 12 20:10:04 +0000 2017,RT @alanblinder: A final blur in Alabama as the state's most competitive Senate race in a generation nears its end. With @alexburnsNYT and‚Ä¶,0.2484,0.091,0.909,0.0,62
462,nytimes,Tue Dec 12 20:07:06 +0000 2017,"Globally, we throw out about 1.3 billion tons of food a year, or a third of all the food that we grow https://t.co/xTLwvtnLrU",0.0,0.0,1.0,0.0,63
463,nytimes,Tue Dec 12 20:00:18 +0000 2017,"‚ÄúThe Crown‚Äù Season 2 includes a lot of Philip, and too few story lines that revolve around Elizabeth herself https://t.co/iXniyuhwhI",0.0,0.0,1.0,0.0,64
464,nytimes,Tue Dec 12 19:55:11 +0000 2017,"After numerous women accused him of sexual harassment, Ken Friedman will take an indefinite leave of absence from t‚Ä¶ https://t.co/WEq8pGGf6G",-0.7096,0.0,0.711,0.289,65
465,nytimes,Tue Dec 12 19:50:04 +0000 2017,"Conservative groups were outraged by recent ads, including one that featured a former porn star undressing https://t.co/7znEhEOK3f",-0.5423,0.0,0.811,0.189,66
466,nytimes,Tue Dec 12 19:45:13 +0000 2017,RT @jmartNYT: ‚ÄúIt was a political moment as bizarre as it was cinematic...registered somewhere between John Ford and Fellini‚Äù https://t.co/‚Ä¶,-0.3182,0.0,0.887,0.113,67
467,nytimes,Tue Dec 12 19:40:03 +0000 2017,"‚ÄúThis job is an engineer‚Äôs dream ‚Äî You get to build stuff, then you get to blow them up.‚Äù https://t.co/dbsTJ0COX9",0.25,0.1,0.9,0.0,68
468,nytimes,Tue Dec 12 19:37:05 +0000 2017,Across the country many brides and grooms are forgoing tradition by appointing mixed-gender wedding parties https://t.co/mhxoK37iTB,0.4019,0.153,0.847,0.0,69
469,nytimes,Tue Dec 12 19:30:16 +0000 2017,"In a bombing's aftermath, many New York City residents persisted as if it was just another day‚Ä¶ https://t.co/Tshecv1sQZ",0.0,0.0,1.0,0.0,70
470,nytimes,Tue Dec 12 19:23:11 +0000 2017,Online protests highlighted how the biggest tech companies have taken a back seat in the debate about protecting ne‚Ä¶ https://t.co/wPSxMyF23V,-0.2263,0.0,0.905,0.095,71
471,nytimes,Tue Dec 12 19:13:14 +0000 2017,RT @NYTScience: The Geminids meteor shower peaks this week. Here's what you need to know: https://t.co/YJmTb8abvL,0.0,0.0,1.0,0.0,72
472,nytimes,Tue Dec 12 19:10:08 +0000 2017,"As Peter Martins is being investigated for sexual harassment, dancers have come forward about his physically abusiv‚Ä¶ https://t.co/O6y6xDLfcJ",-0.5423,0.0,0.829,0.171,73
473,nytimes,Tue Dec 12 19:00:24 +0000 2017,Bystander intervention makes preventing sexual harassment everybody‚Äôs responsibility https://t.co/2UqZ9qC8Ey https://t.co/AtPvMkOyp9,-0.5574,0.0,0.635,0.365,74
474,nytimes,Tue Dec 12 18:52:10 +0000 2017,"The Alabama Senate candidates, Roy Moore (on horseback) and Doug Jones, cast their votes https://t.co/dvhinGCV0F https://t.co/VGyIosWygg",0.0,0.0,1.0,0.0,75
475,nytimes,Tue Dec 12 18:49:30 +0000 2017,"RT @johannabarr: Among employees and industry insiders, the third-floor space of the Spotted Pig has earned a nickname: ‚Äúthe rape room.‚Äù ht‚Ä¶",-0.6908,0.0,0.81,0.19,76
476,nytimes,Tue Dec 12 18:45:11 +0000 2017,How to speak your love briefly. How to heal from trauma. How to stop thinking and start doing. https://t.co/Fp9Ph0aXA6,0.0516,0.167,0.635,0.198,77
477,nytimes,Tue Dec 12 18:38:57 +0000 2017,RT @carlzimmer: So why *aren‚Äôt* there human-sized penguins on Earth today? Here‚Äôs my @nytimes column on that surprisingly big mystery. http‚Ä¶,0.296,0.099,0.901,0.0,78
478,nytimes,Tue Dec 12 18:30:17 +0000 2017,"RT @alanblinder: It's Election Day in Alabama. Here's your preview on ""The Daily."" https://t.co/KQo3NAJJZk",0.0,0.0,1.0,0.0,79
479,nytimes,Tue Dec 12 18:23:11 +0000 2017,"RT @kimseverson: Just posted: @juliamoskin and I have been reporting this for weeks. It's about @Kennewyork, @AprilBloomfield and The Spott‚Ä¶",0.0,0.0,1.0,0.0,80
480,nytimes,Tue Dec 12 18:15:09 +0000 2017,Writers across the political spectrum weigh in on the Senate candidacy of Roy Moore https://t.co/489ei3Pfwh,0.0,0.0,1.0,0.0,81
481,nytimes,Tue Dec 12 18:00:29 +0000 2017,"""I wasn't sure I was going to like this but it was wonderful,"" said one reader https://t.co/icXoIdcCfT",0.0693,0.102,0.812,0.086,82
482,nytimes,Tue Dec 12 17:51:03 +0000 2017,RT @alanblinder: The polls are open in Alabama. Here's where you can keep up with developments in the hours ahead. https://t.co/2TJ0WkhQyQ,0.0,0.0,1.0,0.0,83
483,nytimes,Tue Dec 12 17:40:11 +0000 2017,"Numerous women have accused Ken Friedman, an owner of NYC‚Äôs Spotted Pig and other restaurants, of sexual harassment https://t.co/twIkd81f5Y",-0.6908,0.0,0.749,0.251,84
484,nytimes,Tue Dec 12 17:30:10 +0000 2017,"Investigators are continuing to delve into the past of the bombing suspect, who is believed to have acted alone https://t.co/l4p2MYhj3a",-0.4939,0.0,0.811,0.189,85
485,nytimes,Tue Dec 12 17:15:15 +0000 2017,The fallout continued from a lawsuit by a former NFL Network employee claiming sexual harassment and assault https://t.co/RT5ymIAnrJ,-0.8481,0.0,0.586,0.414,86
486,nytimes,Tue Dec 12 17:07:05 +0000 2017,RT @alexburnsNYT: JONES does the deed https://t.co/2DZC0ZZ11d,0.0,0.0,1.0,0.0,87
487,nytimes,Tue Dec 12 17:01:10 +0000 2017,"The New York Times review of ""Star Wars: The Last Jedi"" (The force is strong with this one.) https://t.co/MXMpOwRRC1",-0.0772,0.138,0.711,0.151,88
488,nytimes,Tue Dec 12 16:50:07 +0000 2017,Here's what to watch in Alabama's special election as voters choose between Roy Moore and Doug Jones https://t.co/m7TYyCTUVm,0.4019,0.137,0.863,0.0,89
489,nytimes,Tue Dec 12 16:45:16 +0000 2017,"Confederate flag photos, an apparently fake GoFundMe campaign. The story of a bullied child took some twists and tu‚Ä¶ https://t.co/yw4L8xKyYO",-0.802,0.0,0.702,0.298,90
490,nytimes,Tue Dec 12 16:38:57 +0000 2017,RT @NYTimesPR: Thanks @tomhanks! https://t.co/QOCrlPJFVu,0.4926,0.444,0.556,0.0,91
491,nytimes,Tue Dec 12 16:37:03 +0000 2017,"RT @TheSteinLine: Before there was Lonzo Ball (@ZO2_), there was Kevin Martin, who goes deep with us into the world of shot mechanics in th‚Ä¶",0.0,0.0,1.0,0.0,92
492,nytimes,Tue Dec 12 16:30:13 +0000 2017,Nom nom nom https://t.co/OHGdtKsnBG,0.0,0.0,1.0,0.0,93
493,nytimes,Tue Dec 12 16:15:06 +0000 2017,"Since the first foot was discovered in 2007, the cases have caught the imagination of Canadians across the country https://t.co/RO9c0Ie5Aa",0.0,0.0,1.0,0.0,94
494,nytimes,Tue Dec 12 16:00:41 +0000 2017,The best albums of 2017 https://t.co/maaPpNFXUI,0.6369,0.457,0.543,0.0,95
495,nytimes,Tue Dec 12 15:45:11 +0000 2017,"Oscar Pistorius was bruised in an altercation with a fellow inmate over the use of a public phone in prison, author‚Ä¶ https://t.co/Jxi8X0Aoj8",-0.5106,0.0,0.852,0.148,96
496,nytimes,Tue Dec 12 15:30:19 +0000 2017,"Climb a $150 million stairway to nowhere, in our #Daily360  https://t.co/N0iV3A3tZE",0.0,0.0,1.0,0.0,97
497,nytimes,Tue Dec 12 15:20:44 +0000 2017,"Trump attacked Senator Gillibrand, a Democrat who urged him to resign, saying she ""would do anything"" for donations https://t.co/ndbcjbVTaU",-0.6597,0.0,0.748,0.252,98
498,nytimes,Tue Dec 12 15:10:04 +0000 2017,The white supremacists whose rally in Charlottesville resulted in the death of a young woman want to mark the anniv‚Ä¶ https://t.co/m8lESNVvky,-0.6808,0.054,0.702,0.244,99
499,nytimes,Tue Dec 12 15:00:31 +0000 2017,Morning¬†Briefing: Here's what you need to know to start your day https://t.co/n2riJ5ymos https://t.co/DhiX1HjdL9,0.0,0.0,1.0,0.0,100
